Filter Type,Sample,surface,DN1,DN2,DN3,DNAVG
R,1,1,532,448,596,525.3333333
R,2,1,532,452,600,528
R,3,1,540,456,600,532
R,4,1,532,452,592,525.3333333
R,5,1,540,456,600,532
R,6,1,540,456,600,532
R,7,1,536,452,592,526.6666667
R,8,1,540,456,600,532
R,9,1,536,448,596,526.6666667
R,10,1,536,448,600,528
R,11,1,536,452,600,529.3333333
R,12,1,536,452,592,526.6666667
R,13,1,560,468,600,542.6666667
R,14,1,556,460,608,541.3333333
R,15,1,556,460,604,540
R,16,1,560,468,600,542.6666667
R,17,1,556,464,608,542.6666667
R,18,1,560,460,600,540
R,19,1,560,468,608,545.3333333
R,20,1,560,460,608,542.6666667
R,21,1,560,468,604,544
R,22,1,560,472,608,546.6666667
R,23,1,556,460,608,541.3333333
R,24,1,508,416,532,485.3333333
R,25,1,512,416,540,489.3333333
R,26,1,508,420,540,489.3333333
R,27,1,516,412,540,489.3333333
R,28,1,516,412,540,489.3333333
R,29,1,516,408,544,489.3333333
R,30,1,516,412,540,489.3333333
R,31,1,512,412,540,488
R,32,1,516,408,540,488
R,33,1,516,412,540,489.3333333
R,34,1,516,408,540,488
R,35,1,588,488,616,564
R,36,1,584,484,608,558.6666667
R,37,1,592,488,616,565.3333333
R,38,1,588,488,616,564
R,39,1,584,484,608,558.6666667
R,40,1,592,488,620,566.6666667
R,41,1,592,484,608,561.3333333
R,42,1,584,484,616,561.3333333
R,43,1,592,488,616,565.3333333
R,44,1,592,484,608,561.3333333
R,45,1,588,488,616,564
R,46,1,596,504,628,576
R,47,1,600,500,624,574.6666667
R,48,1,596,496,624,572
R,49,1,592,504,620,572
R,50,1,596,496,624,572
R,51,1,596,500,628,574.6666667
R,52,1,592,504,624,573.3333333
R,53,1,600,496,628,574.6666667
R,54,1,600,504,628,577.3333333
R,55,1,596,504,624,574.6666667
R,56,1,600,500,620,573.3333333
R,57,1,592,504,628,574.6666667
R,58,1,600,496,624,573.3333333
R,59,1,596,496,640,577.3333333
R,60,1,596,504,624,574.6666667
R,61,1,600,496,624,573.3333333
R,62,1,600,500,628,576
R,63,1,596,504,624,574.6666667
R,64,1,600,496,628,574.6666667
R,65,1,600,500,628,576
R,66,1,592,496,624,570.6666667
R,67,1,600,496,624,573.3333333
R,68,1,548,448,568,521.3333333
R,69,1,548,456,572,525.3333333
R,70,1,548,452,576,525.3333333
R,71,1,552,452,576,526.6666667
R,72,1,548,456,572,525.3333333
R,73,1,560,448,572,526.6666667
R,74,1,548,464,572,528
R,75,1,556,452,576,528
R,76,1,552,452,568,524
R,77,1,560,452,576,529.3333333
R,78,1,556,452,576,528
R,79,1,568,472,592,544
R,80,1,576,468,596,546.6666667
R,81,1,568,468,588,541.3333333
R,82,1,576,472,592,546.6666667
R,83,1,568,468,592,542.6666667
R,84,1,576,472,588,545.3333333
R,85,1,576,472,592,546.6666667
R,86,1,568,468,592,542.6666667
R,87,1,572,472,592,545.3333333
R,88,1,576,460,592,542.6666667
R,89,1,568,468,592,542.6666667
R,90,1,580,488,612,560
R,91,1,584,484,612,560
R,92,1,580,480,608,556
R,93,1,588,484,612,561.3333333
R,94,1,580,480,612,557.3333333
R,95,1,580,476,608,554.6666667
R,96,1,576,484,612,557.3333333
R,97,1,584,480,608,557.3333333
R,98,1,584,484,608,558.6666667
R,99,1,588,484,608,560
R,100,1,584,480,608,557.3333333
R,101,1,580,488,616,561.3333333
R,102,1,580,488,620,562.6666667
R,103,1,588,484,612,561.3333333
R,104,1,580,488,616,561.3333333
R,105,1,584,484,608,558.6666667
R,106,1,584,484,616,561.3333333
R,107,1,584,488,620,564
R,108,1,580,488,612,560
R,109,1,588,496,616,566.6666667
R,110,1,584,488,620,564
R,111,1,584,484,608,558.6666667
R,1,2,664,536,692,630.6666667
R,2,2,668,540,688,632
R,3,2,668,540,688,632
R,4,2,680,536,692,636
R,5,2,668,540,684,630.6666667
R,6,2,672,536,688,632
R,7,2,660,536,696,630.6666667
R,8,2,668,540,684,630.6666667
R,9,2,668,536,688,630.6666667
R,10,2,668,540,688,632
R,11,2,668,536,692,632
R,12,2,744,612,796,717.3333333
R,13,2,728,600,780,702.6666667
R,14,2,732,604,788,708
R,15,2,736,608,792,712
R,16,2,736,616,792,714.6666667
R,17,2,740,612,796,716
R,18,2,736,620,796,717.3333333
R,19,2,728,616,796,713.3333333
R,20,2,724,608,788,706.6666667
R,21,2,700,576,764,680
R,22,2,712,588,760,686.6666667
R,23,2,644,540,704,629.3333333
R,24,2,644,540,704,629.3333333
R,25,2,640,536,696,624
R,26,2,644,536,704,628
R,27,2,644,540,704,629.3333333
R,28,2,644,536,708,629.3333333
R,29,2,640,540,700,626.6666667
R,30,2,644,540,704,629.3333333
R,31,2,648,536,700,628
R,32,2,644,540,704,629.3333333
R,33,2,640,540,704,628
R,34,2,708,596,768,690.6666667
R,35,2,712,600,768,693.3333333
R,36,2,712,600,768,693.3333333
R,37,2,708,596,772,692
R,38,2,708,600,764,690.6666667
R,39,2,712,596,772,693.3333333
R,40,2,712,600,768,693.3333333
R,41,2,712,596,764,690.6666667
R,42,2,704,596,768,689.3333333
R,43,2,712,600,768,693.3333333
R,44,2,712,600,768,693.3333333
R,45,2,724,596,764,694.6666667
R,46,2,712,600,760,690.6666667
R,47,2,708,596,764,689.3333333
R,48,2,704,600,760,688
R,49,2,712,600,760,690.6666667
R,50,2,712,596,760,689.3333333
R,51,2,712,592,760,688
R,52,2,712,596,764,690.6666667
R,53,2,708,596,760,688
R,54,2,712,600,760,690.6666667
R,55,2,712,600,760,690.6666667
R,56,2,668,544,680,630.6666667
R,57,2,672,540,684,632
R,58,2,672,544,680,632
R,59,2,664,548,684,632
R,60,2,668,540,692,633.3333333
R,61,2,672,544,680,632
R,62,2,660,540,684,628
R,63,2,668,540,700,636
R,64,2,660,548,684,630.6666667
R,65,2,668,540,688,632
R,66,2,672,544,680,632
R,67,2,664,528,676,622.6666667
R,68,2,660,528,676,621.3333333
R,69,2,660,520,672,617.3333333
R,70,2,664,528,680,624
R,71,2,660,532,676,622.6666667
R,72,2,660,536,672,622.6666667
R,73,2,660,536,676,624
R,74,2,660,532,676,622.6666667
R,75,2,660,528,672,620
R,76,2,664,528,676,622.6666667
R,77,2,660,532,676,622.6666667
R,78,2,672,548,696,638.6666667
R,79,2,664,544,700,636
R,80,2,668,548,700,638.6666667
R,81,2,668,544,696,636
R,82,2,664,548,700,637.3333333
R,83,2,668,548,700,638.6666667
R,84,2,672,544,700,638.6666667
R,85,2,672,548,700,640
R,86,2,668,544,704,638.6666667
R,87,2,668,544,700,637.3333333
R,88,2,668,548,700,638.6666667
R,89,2,644,524,668,612
R,90,2,644,520,664,609.3333333
R,91,2,648,520,664,610.6666667
R,92,2,644,524,668,612
R,93,2,640,520,664,608
R,94,2,644,520,668,610.6666667
R,95,2,644,524,668,612
R,96,2,644,520,664,609.3333333
R,97,2,644,524,668,612
R,98,2,640,524,660,608
R,99,2,644,520,668,610.6666667
R,100,2,656,536,680,624
R,101,2,660,532,676,622.6666667
R,102,2,660,540,672,624
R,103,2,656,536,680,624
R,104,2,656,528,676,620
R,105,2,660,540,672,624
R,106,2,656,532,680,622.6666667
R,107,2,660,532,680,624
R,108,2,660,536,676,624
R,109,2,660,532,676,622.6666667
R,110,2,660,536,672,622.6666667
R,1,3,864,700,892,818.6666667
R,2,3,864,704,888,818.6666667
R,3,3,868,700,896,821.3333333
R,4,3,860,700,896,818.6666667
R,5,3,868,704,896,822.6666667
R,6,3,868,700,896,821.3333333
R,7,3,864,704,896,821.3333333
R,8,3,864,700,900,821.3333333
R,9,3,880,708,900,829.3333333
R,10,3,868,712,892,824
R,11,3,864,704,896,821.3333333
R,12,3,916,768,976,886.6666667
R,13,3,916,772,976,888
R,14,3,920,764,980,888
R,15,3,920,760,976,885.3333333
R,16,3,908,764,968,880
R,17,3,916,772,976,888
R,18,3,920,772,976,889.3333333
R,19,3,920,772,976,889.3333333
R,20,3,920,772,976,889.3333333
R,21,3,916,764,976,885.3333333
R,22,3,920,772,976,889.3333333
R,23,3,904,768,996,889.3333333
R,24,3,904,768,996,889.3333333
R,25,3,900,772,992,888
R,26,3,900,772,992,888
R,27,3,900,772,992,888
R,28,3,900,772,992,888
R,29,3,900,772,992,888
R,30,3,904,768,996,889.3333333
R,31,3,900,768,992,886.6666667
R,32,3,896,772,996,888
R,33,3,796,640,804,746.6666667
R,34,3,796,640,812,749.3333333
R,35,3,796,640,812,749.3333333
R,36,3,792,652,812,752
R,37,3,796,640,804,746.6666667
R,38,3,796,640,812,749.3333333
R,39,3,796,644,812,750.6666667
R,40,3,796,640,816,750.6666667
R,41,3,792,640,812,748
R,42,3,796,644,808,749.3333333
R,43,3,800,640,812,750.6666667
R,44,3,896,760,984,880
R,45,3,896,784,988,889.3333333
R,46,3,896,764,984,881.3333333
R,47,3,892,760,984,878.6666667
R,48,3,896,760,984,880
R,49,3,896,760,984,880
R,50,3,892,760,988,880
R,51,3,896,764,988,882.6666667
R,52,3,892,760,988,880
R,53,3,896,760,984,880
R,54,3,892,764,984,880
R,55,3,860,728,940,842.6666667
R,56,3,856,732,940,842.6666667
R,57,3,856,728,944,842.6666667
R,58,3,856,728,944,842.6666667
R,59,3,856,732,948,845.3333333
R,60,3,860,728,940,842.6666667
R,61,3,860,744,944,849.3333333
R,62,3,860,728,940,842.6666667
R,63,3,860,728,940,842.6666667
R,64,3,856,732,940,842.6666667
R,65,3,856,724,944,841.3333333
R,66,3,876,744,960,860
R,67,3,876,752,956,861.3333333
R,68,3,884,744,956,861.3333333
R,69,3,884,752,960,865.3333333
R,70,3,884,752,960,865.3333333
R,71,3,884,752,960,865.3333333
R,72,3,884,752,960,865.3333333
R,73,3,876,748,968,864
R,74,3,884,752,960,865.3333333
R,75,3,884,752,960,865.3333333
R,76,3,884,744,960,862.6666667
R,77,3,868,744,960,857.3333333
R,78,3,864,744,960,856
R,79,3,868,740,960,856
R,80,3,868,744,960,857.3333333
R,81,3,872,744,960,858.6666667
R,82,3,864,744,956,854.6666667
R,83,3,864,744,960,856
R,84,3,864,736,960,853.3333333
R,85,3,868,744,960,857.3333333
R,86,3,884,744,960,862.6666667
R,87,3,864,744,956,854.6666667
R,88,3,876,752,968,865.3333333
R,89,3,876,756,968,866.6666667
R,90,3,876,744,968,862.6666667
R,91,3,872,752,968,864
R,92,3,876,752,968,865.3333333
R,93,3,872,752,968,864
R,94,3,876,752,968,865.3333333
R,95,3,876,744,972,864
R,96,3,876,752,968,865.3333333
R,97,3,896,752,968,872
R,98,3,876,752,968,865.3333333
R,99,3,788,660,856,768
R,100,3,792,656,856,768
R,101,3,788,660,856,768
R,102,3,788,660,856,768
R,103,3,788,660,856,768
R,104,3,792,656,852,766.6666667
R,105,3,792,656,856,768
R,106,3,788,660,856,768
R,107,3,788,656,856,766.6666667
R,108,3,788,660,856,768
R,109,3,788,660,856,768
R,110,3,788,660,856,768
R,1,4,1224,1028,1320,1190.666667
R,2,4,1224,1028,1320,1190.666667
R,3,4,1228,1028,1320,1192
R,4,4,1224,1028,1320,1190.666667
R,5,4,1224,1028,1320,1190.666667
R,6,4,1224,1028,1316,1189.333333
R,7,4,1224,1028,1320,1190.666667
R,8,4,1224,1028,1316,1189.333333
R,9,4,1216,1028,1320,1188
R,10,4,1224,1028,1320,1190.666667
R,11,4,1224,1028,1324,1192
R,12,4,1160,968,1276,1134.666667
R,13,4,1156,968,1280,1134.666667
R,14,4,1152,960,1260,1124
R,15,4,1152,960,1256,1122.666667
R,16,4,1156,968,1272,1132
R,17,4,1148,960,1268,1125.333333
R,18,4,1148,960,1260,1122.666667
R,19,4,1140,948,1256,1114.666667
R,20,4,1140,944,1252,1112
R,21,4,1140,948,1252,1113.333333
R,22,4,1148,960,1256,1121.333333
R,23,4,1072,848,1132,1017.333333
R,24,4,1052,832,1112,998.6666667
R,25,4,1060,844,1140,1014.666667
R,26,4,1056,832,1112,1000
R,27,4,1060,844,1152,1018.666667
R,28,4,1064,840,1140,1014.666667
R,29,4,1060,848,1144,1017.333333
R,30,4,1064,848,1132,1014.666667
R,31,4,1064,848,1124,1012
R,32,4,1056,832,1112,1000
R,33,4,1184,976,1280,1146.666667
R,34,4,1192,988,1284,1154.666667
R,35,4,1192,976,1284,1150.666667
R,36,4,1192,984,1288,1154.666667
R,37,4,1192,988,1288,1156
R,38,4,1184,980,1276,1146.666667
R,39,4,1184,976,1284,1148
R,40,4,1184,976,1280,1146.666667
R,41,4,1180,976,1280,1145.333333
R,42,4,1172,968,1260,1133.333333
R,43,4,1168,960,1260,1129.333333
R,44,4,1164,936,1272,1124
R,45,4,1164,944,1280,1129.333333
R,46,4,1164,944,1276,1128
R,47,4,1168,940,1268,1125.333333
R,48,4,1168,944,1268,1126.666667
R,49,4,1164,944,1280,1129.333333
R,50,4,1164,944,1272,1126.666667
R,51,4,1164,940,1276,1126.666667
R,52,4,1164,944,1280,1129.333333
R,53,4,1168,944,1276,1129.333333
R,54,4,1160,940,1280,1126.666667
R,55,4,1192,992,1224,1136
R,56,4,1184,968,1224,1125.333333
R,57,4,1184,968,1224,1125.333333
R,58,4,1208,968,1224,1133.333333
R,59,4,1184,968,1228,1126.666667
R,60,4,1188,968,1228,1128
R,61,4,1184,968,1228,1126.666667
R,62,4,1184,968,1224,1125.333333
R,63,4,1180,968,1216,1121.333333
R,64,4,1184,964,1216,1121.333333
R,65,4,1184,968,1220,1124
R,66,4,1184,956,1208,1116
R,67,4,1188,960,1208,1118.666667
R,68,4,1184,960,1208,1117.333333
R,69,4,1184,960,1216,1120
R,70,4,1180,956,1216,1117.333333
R,71,4,1184,960,1216,1120
R,72,4,1180,968,1220,1122.666667
R,73,4,1184,968,1212,1121.333333
R,74,4,1184,960,1208,1117.333333
R,75,4,1180,956,1208,1114.666667
R,76,4,1184,964,1212,1120
R,77,4,1164,952,1212,1109.333333
R,78,4,1156,952,1200,1102.666667
R,79,4,1156,944,1212,1104
R,80,4,1156,952,1200,1102.666667
R,81,4,1160,952,1204,1105.333333
R,82,4,1160,952,1200,1104
R,83,4,1156,952,1204,1104
R,84,4,1152,948,1204,1101.333333
R,85,4,1156,952,1200,1102.666667
R,86,4,1156,952,1208,1105.333333
R,87,4,1160,952,1208,1106.666667
R,88,4,1160,952,1224,1112
R,89,4,1160,952,1228,1113.333333
R,90,4,1160,952,1228,1113.333333
R,91,4,1156,952,1228,1112
R,92,4,1156,952,1228,1112
R,93,4,1156,952,1224,1110.666667
R,94,4,1160,952,1228,1113.333333
R,95,4,1160,952,1224,1112
R,96,4,1176,940,1220,1112
R,97,4,1160,952,1228,1113.333333
R,98,4,1152,952,1228,1110.666667
R,99,4,1100,884,1144,1042.666667
R,100,4,1096,884,1140,1040
R,101,4,1108,880,1140,1042.666667
R,102,4,1096,884,1140,1040
R,103,4,1096,884,1140,1040
R,104,4,1104,884,1140,1042.666667
R,105,4,1096,872,1132,1033.333333
R,106,4,1096,880,1132,1036
R,107,4,1096,872,1132,1033.333333
R,108,4,1092,872,1124,1029.333333
R,109,4,1088,864,1120,1024
R,110,4,1088,864,1120,1024
R,1,5,1560,1304,1644,1502.666667
R,2,5,1564,1300,1648,1504
R,3,5,1560,1304,1644,1502.666667
R,4,5,1552,1304,1648,1501.333333
R,5,5,1560,1304,1644,1502.666667
R,6,5,1560,1304,1644,1502.666667
R,7,5,1564,1328,1644,1512
R,8,5,1560,1304,1644,1502.666667
R,9,5,1564,1304,1648,1505.333333
R,10,5,1560,1308,1644,1504
R,11,5,1564,1304,1648,1505.333333
R,12,5,1488,1180,1512,1393.333333
R,13,5,1484,1188,1508,1393.333333
R,14,5,1484,1184,1516,1394.666667
R,15,5,1488,1184,1516,1396
R,16,5,1492,1184,1512,1396
R,17,5,1488,1184,1504,1392
R,18,5,1484,1184,1508,1392
R,19,5,1480,1184,1516,1393.333333
R,20,5,1488,1188,1512,1396
R,21,5,1488,1184,1512,1394.666667
R,22,5,1488,1188,1512,1396
R,23,5,1200,832,1284,1105.333333
R,24,5,1212,832,1284,1109.333333
R,25,5,1212,832,1288,1110.666667
R,26,5,1212,828,1284,1108
R,27,5,1208,828,1288,1108
R,28,5,1212,828,1288,1109.333333
R,29,5,1208,832,1288,1109.333333
R,30,5,1212,828,1284,1108
R,31,5,1212,828,1284,1108
R,32,5,1212,828,1284,1108
R,33,5,1212,828,1284,1108
R,34,5,1440,1172,1476,1362.666667
R,35,5,1440,1168,1476,1361.333333
R,36,5,1448,1172,1492,1370.666667
R,37,5,1444,1172,1480,1365.333333
R,38,5,1444,1168,1480,1364
R,39,5,1444,1164,1476,1361.333333
R,40,5,1448,1168,1480,1365.333333
R,41,5,1448,1172,1480,1366.666667
R,42,5,1448,1172,1480,1366.666667
R,43,5,1444,1168,1480,1364
R,44,5,1432,1160,1456,1349.333333
R,45,5,1436,1172,1496,1368
R,46,5,1432,1172,1492,1365.333333
R,47,5,1436,1172,1496,1368
R,48,5,1432,1176,1488,1365.333333
R,49,5,1440,1176,1500,1372
R,50,5,1432,1176,1488,1365.333333
R,51,5,1436,1172,1500,1369.333333
R,52,5,1436,1176,1496,1369.333333
R,53,5,1436,1172,1492,1366.666667
R,54,5,1440,1176,1500,1372
R,55,5,1436,1172,1492,1366.666667
R,56,5,1532,1280,1620,1477.333333
R,57,5,1536,1284,1624,1481.333333
R,58,5,1536,1280,1616,1477.333333
R,59,5,1536,1284,1624,1481.333333
R,60,5,1540,1280,1620,1480
R,61,5,1536,1276,1612,1474.666667
R,62,5,1536,1280,1616,1477.333333
R,63,5,1540,1276,1616,1477.333333
R,64,5,1528,1280,1612,1473.333333
R,65,5,1532,1280,1616,1476
R,66,5,1540,1276,1620,1478.666667
R,67,5,1544,1284,1632,1486.666667
R,68,5,1544,1284,1632,1486.666667
R,69,5,1544,1292,1636,1490.666667
R,70,5,1544,1288,1636,1489.333333
R,71,5,1540,1292,1640,1490.666667
R,72,5,1544,1296,1636,1492
R,73,5,1548,1292,1640,1493.333333
R,74,5,1544,1296,1636,1492
R,75,5,1572,1296,1636,1501.333333
R,76,5,1536,1288,1636,1486.666667
R,77,5,1540,1288,1628,1485.333333
R,78,5,1528,1272,1620,1473.333333
R,79,5,1536,1280,1616,1477.333333
R,80,5,1540,1284,1620,1481.333333
R,81,5,1528,1276,1616,1473.333333
R,82,5,1528,1284,1620,1477.333333
R,83,5,1524,1268,1616,1469.333333
R,84,5,1528,1272,1612,1470.666667
R,85,5,1520,1280,1616,1472
R,86,5,1524,1272,1616,1470.666667
R,87,5,1528,1276,1620,1474.666667
R,88,5,1528,1268,1612,1469.333333
R,89,5,1520,1264,1612,1465.333333
R,90,5,1516,1272,1608,1465.333333
R,91,5,1520,1264,1612,1465.333333
R,92,5,1516,1268,1612,1465.333333
R,93,5,1520,1268,1608,1465.333333
R,94,5,1520,1268,1612,1466.666667
R,95,5,1516,1268,1608,1464
R,96,5,1520,1296,1612,1476
R,97,5,1520,1268,1612,1466.666667
R,98,5,1508,1264,1600,1457.333333
R,99,5,1516,1260,1612,1462.666667
R,100,5,1564,1296,1644,1501.333333
R,101,5,1560,1296,1644,1500
R,102,5,1564,1296,1648,1502.666667
R,103,5,1560,1296,1644,1500
R,104,5,1560,1296,1692,1516
R,105,5,1564,1296,1644,1501.333333
R,106,5,1560,1296,1644,1500
R,107,5,1560,1292,1648,1500
R,108,5,1560,1296,1644,1500
R,109,5,1564,1292,1648,1501.333333
R,110,5,1560,1296,1644,1500
R,1,6,2040,1740,2212,1997.333333
R,2,6,2040,1740,2212,1997.333333
R,3,6,2040,1740,2220,2000
R,4,6,2040,1740,2212,1997.333333
R,5,6,2040,1748,2200,1996
R,6,6,2040,1740,2212,1997.333333
R,7,6,2040,1740,2212,1997.333333
R,8,6,2040,1748,2204,1997.333333
R,9,6,2040,1740,2212,1997.333333
R,10,6,2040,1748,2200,1996
R,11,6,2040,1748,2204,1997.333333
R,12,6,1904,1548,2016,1822.666667
R,13,6,1904,1548,2016,1822.666667
R,14,6,1904,1552,2016,1824
R,15,6,1908,1548,2016,1824
R,16,6,1904,1552,2016,1824
R,17,6,1908,1548,2016,1824
R,18,6,1904,1552,2016,1824
R,19,6,1904,1548,2016,1822.666667
R,20,6,1908,1552,2016,1825.333333
R,21,6,1908,1548,2016,1824
R,22,6,1908,1552,2016,1825.333333
R,23,6,1888,1576,1988,1817.333333
R,24,6,1888,1576,1980,1814.666667
R,25,6,1888,1576,1992,1818.666667
R,26,6,1888,1576,1988,1817.333333
R,27,6,1888,1576,2024,1829.333333
R,28,6,1884,1572,1980,1812
R,29,6,1888,1576,1980,1814.666667
R,30,6,1888,1572,1988,1816
R,31,6,1888,1576,1980,1814.666667
R,32,6,1888,1572,1980,1813.333333
R,33,6,1888,1572,1980,1813.333333
R,34,6,1776,1380,1892,1682.666667
R,35,6,1776,1376,1932,1694.666667
R,36,6,1780,1376,1900,1685.333333
R,37,6,1776,1380,1900,1685.333333
R,38,6,1776,1380,1900,1685.333333
R,39,6,1776,1376,1900,1684
R,40,6,1776,1380,1900,1685.333333
R,41,6,1776,1380,1896,1684
R,42,6,1776,1376,1904,1685.333333
R,43,6,1776,1380,1904,1686.666667
R,44,6,1784,1376,1904,1688
R,45,6,1620,1208,1852,1560
R,46,6,1624,1208,1852,1561.333333
R,47,6,1620,1212,1848,1560
R,48,6,1620,1208,1848,1558.666667
R,49,6,1620,1208,1852,1560
R,50,6,1620,1208,1852,1560
R,51,6,1624,1208,1852,1561.333333
R,52,6,1620,1208,1852,1560
R,53,6,1624,1204,1856,1561.333333
R,54,6,1620,1208,1852,1560
R,55,6,1624,1208,1852,1561.333333
R,56,6,1908,1572,1988,1822.666667
R,57,6,1904,1568,1988,1820
R,58,6,1908,1576,1988,1824
R,59,6,1908,1568,1988,1821.333333
R,60,6,1896,1572,1988,1818.666667
R,61,6,1908,1568,1988,1821.333333
R,62,6,1904,1576,1988,1822.666667
R,63,6,1908,1576,1992,1825.333333
R,64,6,1896,1572,1988,1818.666667
R,65,6,1896,1568,1988,1817.333333
R,66,6,1908,1572,1988,1822.666667
R,67,6,1912,1568,2004,1828
R,68,6,1916,1560,2008,1828
R,69,6,1916,1564,2004,1828
R,70,6,1916,1560,2008,1828
R,71,6,1912,1568,2004,1828
R,72,6,1916,1560,2008,1828
R,73,6,1912,1568,2004,1828
R,74,6,1916,1568,2004,1829.333333
R,75,6,1912,1560,2004,1825.333333
R,76,6,1916,1568,2004,1829.333333
R,77,6,1920,1572,2012,1834.666667
R,78,6,1796,1500,1892,1729.333333
R,79,6,1804,1492,1892,1729.333333
R,80,6,1796,1496,1896,1729.333333
R,81,6,1800,1492,1896,1729.333333
R,82,6,1804,1496,1896,1732
R,83,6,1804,1500,1896,1733.333333
R,84,6,1800,1500,1892,1730.666667
R,85,6,1804,1500,1896,1733.333333
R,86,6,1804,1496,1896,1732
R,87,6,1800,1500,1896,1732
R,88,6,1800,1496,1900,1732
R,89,6,1692,1420,1784,1632
R,90,6,1700,1424,1784,1636
R,91,6,1692,1420,1784,1632
R,92,6,1700,1416,1784,1633.333333
R,93,6,1700,1420,1788,1636
R,94,6,1696,1416,1784,1632
R,95,6,1700,1420,1780,1633.333333
R,96,6,1692,1416,1784,1630.666667
R,97,6,1700,1416,1784,1633.333333
R,98,6,1692,1420,1784,1632
R,99,6,1692,1420,1784,1632
R,100,6,1472,1252,1564,1429.333333
R,101,6,1468,1252,1568,1429.333333
R,102,6,1468,1252,1560,1426.666667
R,103,6,1468,1252,1564,1428
R,104,6,1468,1244,1568,1426.666667
R,105,6,1468,1252,1568,1429.333333
R,106,6,1468,1248,1560,1425.333333
R,107,6,1468,1244,1568,1426.666667
R,108,6,1468,1244,1564,1425.333333
R,109,6,1468,1244,1568,1426.666667
R,110,6,1460,1244,1568,1424
R,1,7,2944,2460,3156,2853.333333
R,2,7,2944,2464,3156,2854.666667
R,3,7,2944,2468,3156,2856
R,4,7,2944,2460,3152,2852
R,5,7,2940,2464,3156,2853.333333
R,6,7,2944,2460,3152,2852
R,7,7,2940,2468,3156,2854.666667
R,8,7,2940,2464,3152,2852
R,9,7,2944,2468,3156,2856
R,10,7,2944,2460,3156,2853.333333
R,11,7,2944,2460,3156,2853.333333
R,12,7,2772,2392,2992,2718.666667
R,13,7,2772,2396,2988,2718.666667
R,14,7,2768,2400,2992,2720
R,15,7,2764,2396,2992,2717.333333
R,16,7,2768,2400,2992,2720
R,17,7,2772,2396,2992,2720
R,18,7,2772,2400,2992,2721.333333
R,19,7,2776,2396,2992,2721.333333
R,20,7,2768,2400,2992,2720
R,21,7,2768,2396,2992,2718.666667
R,22,7,2772,2392,2984,2716
R,23,7,2824,2348,3052,2741.333333
R,24,7,2824,2344,3048,2738.666667
R,25,7,2824,2348,3048,2740
R,26,7,2824,2348,3052,2741.333333
R,27,7,2820,2352,3052,2741.333333
R,28,7,2824,2356,3052,2744
R,29,7,2824,2348,3052,2741.333333
R,30,7,2824,2348,3052,2741.333333
R,31,7,2824,2348,3052,2741.333333
R,32,7,2824,2348,3052,2741.333333
R,33,7,2752,2328,3060,2713.333333
R,34,7,2756,2320,3060,2712
R,35,7,2756,2328,3060,2714.666667
R,36,7,2756,2332,3068,2718.666667
R,37,7,2756,2336,3072,2721.333333
R,38,7,2756,2340,3068,2721.333333
R,39,7,2756,2384,3068,2736
R,40,7,2756,2340,3068,2721.333333
R,41,7,2756,2340,3068,2721.333333
R,42,7,2764,2348,3076,2729.333333
R,43,7,2760,2348,3076,2728
R,44,7,2832,2372,3060,2754.666667
R,45,7,2832,2376,3060,2756
R,46,7,2832,2372,3060,2754.666667
R,47,7,2828,2372,3060,2753.333333
R,48,7,2876,2376,3060,2770.666667
R,49,7,2832,2376,3060,2756
R,50,7,2828,2372,3060,2753.333333
R,51,7,2828,2376,3060,2754.666667
R,52,7,2824,2416,3060,2766.666667
R,53,7,2832,2376,3056,2754.666667
R,54,7,2828,2372,3060,2753.333333
R,55,7,2804,2340,3036,2726.666667
R,56,7,2808,2336,3036,2726.666667
R,57,7,2804,2340,3036,2726.666667
R,58,7,2800,2340,3036,2725.333333
R,59,7,2804,2340,3028,2724
R,60,7,2804,2332,3024,2720
R,61,7,2804,2332,3084,2740
R,62,7,2808,2332,3024,2721.333333
R,63,7,2808,2336,3028,2724
R,64,7,2804,2332,3024,2720
R,65,7,2804,2328,3028,2720
R,66,7,2788,2340,3000,2709.333333
R,67,7,2788,2336,3000,2708
R,68,7,2788,2332,3000,2706.666667
R,69,7,2784,2336,2996,2705.333333
R,70,7,2788,2332,2996,2705.333333
R,71,7,2784,2336,3000,2706.666667
R,72,7,2788,2340,3000,2709.333333
R,73,7,2780,2336,2996,2704
R,74,7,2776,2328,3000,2701.333333
R,75,7,2780,2328,3000,2702.666667
R,76,7,2788,2332,3000,2706.666667
R,77,7,2800,2380,3008,2729.333333
R,78,7,2796,2372,3008,2725.333333
R,79,7,2800,2368,2996,2721.333333
R,80,7,2800,2372,3000,2724
R,81,7,2796,2368,3000,2721.333333
R,82,7,2796,2372,3000,2722.666667
R,83,7,2844,2368,2996,2736
R,84,7,2820,2428,3044,2764
R,85,7,2816,2404,3024,2748
R,86,7,2812,2412,3024,2749.333333
R,87,7,2820,2400,3024,2748
R,88,7,2820,2400,3024,2748
R,89,7,2764,2348,2976,2696
R,90,7,2760,2348,2976,2694.666667
R,91,7,2764,2348,2980,2697.333333
R,92,7,2764,2348,2976,2696
R,93,7,2764,2356,2972,2697.333333
R,94,7,2764,2348,2976,2696
R,95,7,2764,2352,2972,2696
R,96,7,2780,2376,2992,2716
R,97,7,2780,2380,2992,2717.333333
R,98,7,2780,2376,2992,2716
R,99,7,2780,2376,2992,2716
R,100,7,2788,2328,2988,2701.333333
R,101,7,2788,2340,2992,2706.666667
R,102,7,2788,2332,2992,2704
R,103,7,2788,2332,3044,2721.333333
R,104,7,2788,2328,2988,2701.333333
R,105,7,2788,2340,2988,2705.333333
R,106,7,2788,2328,2992,2702.666667
R,107,7,2788,2336,2992,2705.333333
R,108,7,2788,2332,2984,2701.333333
R,109,7,2792,2336,2992,2706.666667
R,110,7,2784,2328,2980,2697.333333
L,1,1,260.26,219.78,290.98,257.0066667
L,2,1,314.6,266.22,352.78,311.2
L,3,1,359.68,304.18,402.22,355.36
L,4,1,394.15,333.74,440.18,389.3566667
L,5,1,423.32,358.19,472.14,417.8833333
L,6,1,446.65,377.75,497.72,440.7066667
L,7,1,464.52,392.6,516.57,457.8966667
L,8,1,479.62,405.28,533.26,472.72
L,9,1,490.89,413.83,545.81,483.51
L,10,1,499.92,420.66,556.64,492.4066667
L,11,1,507.13,426.93,565.32,499.7933333
L,12,1,559.76,465.58,604.09,543.1433333
L,13,1,559.01,464.47,604.87,542.7833333
L,14,1,558.4,463.57,604.7,542.2233333
L,15,1,558.72,464.46,603.76,542.3133333
L,16,1,558.18,464.37,604.61,542.3866667
L,17,1,558.54,463.49,603.68,541.9033333
L,18,1,558.83,464.4,604.55,542.5933333
L,19,1,559.07,463.52,605.24,542.61
L,20,1,559.25,464.41,604.99,542.8833333
L,21,1,559.4,465.93,605.59,543.64
L,22,1,558.72,464.74,606.07,543.1766667
L,23,1,581.06,479.86,611.59,557.5033333
L,24,1,568.05,467.89,594.87,543.6033333
L,25,1,556.04,457.51,583.1,532.2166667
L,26,1,546.43,449.21,572.88,522.84
L,27,1,539.55,442.57,566.3,516.14
L,28,1,533.24,438.05,561.04,510.7766667
L,29,1,529.79,432.84,556.83,506.4866667
L,30,1,527.03,428.67,553.47,503.0566667
L,31,1,524.83,424.54,551.57,500.3133333
L,32,1,523.06,422.03,549.26,498.1166667
L,33,1,520.85,420.03,547.41,496.0966667
L,34,1,587.48,488.8,615.31,563.8633333
L,35,1,586.79,487.84,613.85,562.8266667
L,36,1,587.83,487.87,614.28,563.3266667
L,37,1,587.86,487.9,614.62,563.46
L,38,1,587.09,487.12,613.3,562.5033333
L,39,1,588.07,487.29,614.64,563.3333333
L,40,1,588.86,486.63,613.31,562.9333333
L,41,1,587.89,486.11,613.85,562.6166667
L,42,1,588.71,486.49,614.28,563.16
L,43,1,589.37,485.99,613.02,562.7933333
L,44,1,589.09,486.39,613.62,563.0333333
L,45,1,596.7,500.4,626.8,574.6333333
L,46,1,597.36,500.32,626.24,574.64
L,47,1,597.09,499.46,625.79,574.1133333
L,48,1,596.07,500.37,624.63,573.69
L,49,1,596.06,499.49,624.51,573.3533333
L,50,1,596.05,499.59,625.21,573.6166667
L,51,1,595.24,500.48,624.96,573.56
L,52,1,596.19,499.58,625.57,573.78
L,53,1,596.95,500.46,626.06,574.49
L,54,1,596.76,501.17,625.65,574.5266667
L,55,1,597.41,500.94,624.52,574.29
L,56,1,595.87,501.34,626.34,574.5166667
L,57,1,596.69,500.27,625.87,574.2766667
L,58,1,596.56,499.42,628.7,574.8933333
L,59,1,596.44,500.33,627.76,574.8433333
L,60,1,597.16,499.47,627.01,574.5466667
L,61,1,597.72,499.57,627.2,574.83
L,62,1,597.38,500.46,626.5,574.78
L,63,1,597.9,499.57,626.85,574.7733333
L,64,1,598.32,499.65,627.08,575.0166667
L,65,1,597.06,498.92,626.46,574.1466667
L,66,1,597.65,498.34,625.97,573.9866667
L,67,1,548.77,450.97,572.43,524.0566667
L,68,1,548.62,451.98,572.34,524.3133333
L,69,1,548.49,451.98,573.08,524.5166667
L,70,1,549.19,451.99,573.66,524.9466667
L,71,1,548.96,452.79,573.33,525.0266667
L,72,1,551.16,451.83,573.06,525.35
L,73,1,550.53,454.26,572.85,525.88
L,74,1,551.63,453.81,573.48,526.3066667
L,75,1,551.7,453.45,572.38,525.8433333
L,76,1,553.36,453.16,573.11,526.5433333
L,77,1,553.89,452.93,573.69,526.8366667
L,78,1,567.14,469.47,593.46,543.3566667
L,79,1,568.91,469.18,593.97,544.02
L,80,1,568.73,468.94,592.77,543.48
L,81,1,570.18,469.55,592.62,544.1166667
L,82,1,569.75,469.24,592.5,543.83
L,83,1,571,469.79,591.6,544.13
L,84,1,572,470.24,591.68,544.64
L,85,1,571.2,469.79,591.74,544.2433333
L,86,1,571.36,470.23,591.79,544.46
L,87,1,572.29,468.18,592.63,544.3666667
L,88,1,571.43,468.15,592.51,544.03
L,89,1,580.47,482.57,609.32,557.4533333
L,90,1,581.18,482.85,609.86,557.9633333
L,91,1,580.94,482.28,609.48,557.5666667
L,92,1,582.35,482.63,609.99,558.3233333
L,93,1,581.88,482.1,610.39,558.1233333
L,94,1,581.51,480.88,609.91,557.4333333
L,95,1,580.41,481.5,610.3,557.4033333
L,96,1,581.12,481.2,609.86,557.3933333
L,97,1,581.7,481.76,609.49,557.65
L,98,1,582.96,482.21,609.19,558.12
L,99,1,583.17,481.77,608.95,557.9633333
L,100,1,578.47,484.77,609.54,557.5933333
L,101,1,578.78,485.42,611.63,558.61
L,102,1,580.62,485.13,611.71,559.1533333
L,103,1,580.5,485.71,612.57,559.5933333
L,104,1,581.2,485.36,611.65,559.4033333
L,105,1,581.76,485.09,612.52,559.79
L,106,1,582.21,485.67,614.02,560.6333333
L,107,1,581.77,486.14,613.61,560.5066667
L,108,1,583.01,488.11,614.09,561.7366667
L,109,1,583.21,488.09,615.27,562.19
L,110,1,583.37,487.27,613.82,561.4866667
L,1,2,665.67,537.49,691.1,631.42
L,2,2,665.67,537.49,691.1,631.42
L,3,2,666.14,538,690.48,631.54
L,4,2,668.91,537.6,690.79,632.4333333
L,5,2,668.73,538.08,689.43,632.08
L,6,2,669.38,537.66,689.14,632.06
L,7,2,667.51,537.33,690.51,631.7833333
L,8,2,667.6,537.86,689.21,631.5566667
L,9,2,667.68,537.49,688.97,631.38
L,10,2,667.75,537.99,688.78,631.5066667
L,11,2,667.8,537.59,689.42,631.6033333
L,12,2,729.18,605.57,779.34,704.6966667
L,13,2,722.27,600.75,779.79,700.9366667
L,14,2,731.04,610.93,789.93,710.6333333
L,15,2,732.8,611.66,790.41,711.6233333
L,16,2,734,610.58,789.01,711.1966667
L,17,2,733.5,608.22,787.26,709.66
L,18,2,731.88,607.27,785.08,708.0766667
L,19,2,730.85,605.09,783.34,706.4266667
L,20,2,729.56,604.37,781.18,705.0366667
L,21,2,728.95,604.46,779.47,704.2933333
L,22,2,729.18,605.57,779.34,704.6966667
L,23,2,649.24,545.38,706.97,633.8633333
L,24,2,643.81,539.5,703.47,628.9266667
L,25,2,644.77,539.38,703.34,629.1633333
L,26,2,644.96,539.22,703.18,629.12
L,27,2,644.2,540.03,703.97,629.4
L,28,2,644.25,540.03,703.96,629.4133333
L,29,2,645.31,540.04,704.95,630.1
L,30,2,645.63,541.05,704.19,630.29
L,31,2,646.04,541.31,704.24,630.53
L,32,2,646.55,542.64,704.3,631.1633333
L,33,2,646.55,542.64,704.3,631.1633333
L,34,2,706.45,598.47,765.72,690.2133333
L,35,2,707.56,598.77,766.18,690.8366667
L,36,2,708.45,599.02,766.54,691.3366667
L,37,2,708.36,598.41,767.64,691.47
L,38,2,708.29,598.73,766.91,691.31
L,39,2,709.03,598.19,767.93,691.7166667
L,40,2,709.62,598.55,767.94,692.0366667
L,41,2,710.1,598.04,767.15,691.7633333
L,42,2,708.88,597.63,767.32,691.2766667
L,43,2,709.5,598.1,767.46,691.6866667
L,44,2,710,598.48,767.57,692.0166667
L,45,2,712.44,595.52,762.53,690.1633333
L,46,2,712.35,596.42,762.02,690.2633333
L,47,2,711.48,596.33,762.42,690.0766667
L,48,2,709.98,597.07,761.93,689.66
L,49,2,710.39,597.65,761.55,689.8633333
L,50,2,710.71,597.32,761.24,689.7566667
L,51,2,710.97,596.26,760.99,689.4066667
L,52,2,711.17,596.21,761.59,689.6566667
L,53,2,710.54,596.17,761.27,689.3266667
L,54,2,710.83,596.93,761.02,689.5933333
L,55,2,711.07,597.55,760.82,689.8133333
L,56,2,666.77,542.82,683.54,631.0433333
L,57,2,667.81,542.26,683.63,631.2333333
L,58,2,668.65,542.6,682.9,631.3833333
L,59,2,667.72,543.68,683.12,631.5066667
L,60,2,667.78,542.95,684.9,631.8766667
L,61,2,668.62,543.16,683.92,631.9
L,62,2,666.9,542.53,683.93,631.12
L,63,2,667.12,542.02,687.15,632.0966667
L,64,2,666.16,542.57,686.81,631.8466667
L,65,2,667.32,542.86,685.45,631.8766667
L,66,2,665.86,543.09,685.96,631.6366667
L,67,2,661.24,530.12,674.94,622.1
L,68,2,660.99,529.7,675.15,621.9466667
L,69,2,660.8,527.76,674.52,621.0266667
L,70,2,661.44,527.81,675.62,621.6233333
L,71,2,661.15,528.65,675.69,621.83
L,72,2,660.92,530.12,674.95,621.9966667
L,73,2,660.74,531.29,675.16,622.3966667
L,74,2,660.59,531.43,675.33,622.45
L,75,2,660.47,530.75,674.66,621.96
L,76,2,661.18,530.2,674.93,622.1033333
L,77,2,660.94,530.56,675.15,622.2166667
L,78,2,652.72,534.25,682.85,623.2733333
L,79,2,654.98,536.2,686.28,625.82
L,80,2,657.58,538.56,689.02,628.3866667
L,81,2,659.67,539.65,690.42,629.9133333
L,82,2,660.53,541.32,692.34,631.3966667
L,83,2,662.03,542.65,693.87,632.85
L,84,2,664.02,542.92,695.1,634.0133333
L,85,2,665.62,543.94,696.08,635.2133333
L,86,2,666.09,543.95,697.66,635.9
L,87,2,666.47,543.96,698.13,636.1866667
L,88,2,666.78,544.77,698.5,636.6833333
L,89,2,642.56,521.56,666.67,610.2633333
L,90,2,642.85,521.25,666.13,610.0766667
L,91,2,643.88,521,665.71,610.1966667
L,92,2,643.9,521.6,666.17,610.5566667
L,93,2,643.12,521.28,665.73,610.0433333
L,94,2,643.3,521.02,666.19,610.17
L,95,2,643.44,521.62,666.55,610.5366667
L,96,2,643.55,521.29,666.04,610.2933333
L,97,2,643.64,521.84,666.43,610.6366667
L,98,2,642.91,522.27,665.15,610.11
L,99,2,643.13,521.81,665.72,610.22
L,100,2,657.23,529.74,675.48,620.8166667
L,101,2,657.78,530.19,675.59,621.1866667
L,102,2,658.23,532.15,674.87,621.75
L,103,2,657.78,532.92,675.9,622.2
L,104,2,657.43,531.94,675.92,621.7633333
L,105,2,657.94,533.55,675.13,622.2066667
L,106,2,657.55,533.24,676.11,622.3
L,107,2,658.04,532.99,676.89,622.64
L,108,2,658.43,533.59,676.71,622.91
L,109,2,658.75,533.27,676.57,622.8633333
L,110,2,659,533.82,675.65,622.8233333
L,1,3,857.63,698.64,886.37,814.2133333
L,2,3,856.03,698.3,884.96,813.0966667
L,3,3,857.63,698.64,886.37,814.2133333
L,4,3,858.9,699.71,886.7,815.1033333
L,5,3,860.58,699.81,890.05,816.8133333
L,6,3,862.06,700.65,891.24,817.9833333
L,7,3,863.25,700.52,892.19,818.6533333
L,8,3,863.4,701.22,892.95,819.19
L,9,3,863.52,700.97,894.36,819.6166667
L,10,3,866.82,702.38,895.49,821.5633333
L,11,3,867.05,704.3,894.79,822.0466667
L,12,3,917.54,769.45,975.53,887.5066667
L,13,3,917.23,769.96,975.62,887.6033333
L,14,3,917.78,768.77,976.5,887.6833333
L,15,3,918.23,767.02,976.4,887.2166667
L,16,3,916.18,766.41,974.72,885.77
L,17,3,916.15,767.53,974.98,886.22
L,18,3,916.92,768.42,975.18,886.84
L,19,3,916.94,769.73,974.85,887.1733333
L,20,3,916.75,768.59,975.08,886.8066667
L,21,3,917.4,769.27,975.26,887.31
L,22,3,917.92,769.81,975.41,887.7133333
L,23,3,902.8,769.47,994.41,888.8933333
L,24,3,903.04,769.17,994.73,888.98
L,25,3,902.43,769.74,994.18,888.7833333
L,26,3,901.95,770.19,993.75,888.63
L,27,3,901.56,770.55,993.4,888.5033333
L,28,3,901.25,770.84,993.12,888.4033333
L,29,3,901,771.07,992.89,888.32
L,30,3,901.6,770.46,993.52,888.5266667
L,31,3,901.28,769.97,993.21,888.1533333
L,32,3,900.22,770.37,993.77,888.12
L,33,3,900.22,770.37,993.77,888.12
L,34,3,789.9,639.34,803.83,744.3566667
L,35,3,791.12,639.47,805.47,745.3533333
L,36,3,792.1,639.58,806.77,746.15
L,37,3,792.08,642.06,807.82,747.32
L,38,3,792.86,641.65,807.06,747.19
L,39,3,793.49,641.32,808.04,747.6166667
L,40,3,793.99,641.86,808.84,748.23
L,41,3,794.39,641.49,810.27,748.7166667
L,42,3,793.91,641.19,810.61,748.57
L,43,3,794.33,641.75,810.09,748.7233333
L,44,3,795.47,641.4,810.47,749.1133333
L,45,3,880.92,749.54,966.88,865.78
L,46,3,883.94,756.43,971.1,870.49
L,47,3,886.35,757.95,973.68,872.66
L,48,3,887.48,758.36,975.75,873.8633333
L,49,3,889.18,758.69,977.4,875.09
L,50,3,890.55,758.95,978.72,876.0733333
L,51,3,890.84,759.16,980.57,876.8566667
L,52,3,891.87,760.13,982.06,878.02
L,53,3,891.9,760.1,983.25,878.4166667
L,54,3,892.72,760.08,983.4,878.7333333
L,55,3,892.57,760.87,983.52,878.9866667
L,56,3,858.03,728.04,941.07,842.38
L,57,3,857.63,728.83,940.86,842.44
L,58,3,857.3,728.66,941.49,842.4833333
L,59,3,857.04,728.53,941.99,842.52
L,60,3,856.83,729.22,943.19,843.08
L,61,3,857.47,728.98,942.55,843
L,62,3,857.97,731.98,942.84,844.2633333
L,63,3,858.38,731.19,942.27,843.9466667
L,64,3,858.7,730.55,941.82,843.69
L,65,3,858.16,730.84,941.46,843.4866667
L,66,3,857.73,729.47,941.96,843.0533333
L,67,3,879,745.82,958.46,861.0933333
L,68,3,878.4,747.06,957.97,861.1433333
L,69,3,879.52,746.45,957.58,861.1833333
L,70,3,880.42,747.56,958.06,862.0133333
L,71,3,881.13,748.45,958.45,862.6766667
L,72,3,881.71,749.16,958.76,863.21
L,73,3,882.17,749.73,959.01,863.6366667
L,74,3,880.93,749.38,960.81,863.7066667
L,75,3,881.55,749.9,960.64,864.03
L,76,3,882.04,750.32,960.52,864.2933333
L,77,3,882.43,749.06,960.41,863.9666667
L,78,3,879,745.82,958.46,861.0933333
L,79,3,878.4,747.06,957.97,861.1433333
L,80,3,879.52,746.45,957.58,861.1833333
L,81,3,880.42,747.56,958.06,862.0133333
L,82,3,881.13,748.45,958.45,862.6766667
L,83,3,881.71,749.16,958.76,863.21
L,84,3,882.17,749.73,959.01,863.6366667
L,85,3,880.93,749.38,960.81,863.7066667
L,86,3,881.55,749.9,960.64,864.03
L,87,3,882.04,750.32,960.52,864.2933333
L,88,3,882.43,749.06,960.41,863.9666667
L,89,3,875.11,751.94,968.61,865.22
L,90,3,875.29,752.75,968.48,865.5066667
L,91,3,875.43,751,968.39,864.94
L,92,3,874.75,751.2,968.31,864.7533333
L,93,3,875,751.36,968.25,864.87
L,94,3,874.4,751.49,968.2,864.6966667
L,95,3,874.72,751.59,968.16,864.8233333
L,96,3,874.97,750.07,968.93,864.6566667
L,97,3,875.18,750.46,968.74,864.7933333
L,98,3,879.34,750.77,968.59,866.2333333
L,99,3,878.68,751.01,968.47,866.0533333
L,100,3,789.34,659.08,855.68,768.0333333
L,101,3,789.87,658.47,855.74,768.0266667
L,102,3,789.5,658.77,855.8,768.0233333
L,103,3,789.2,659.02,855.84,768.02
L,104,3,788.96,659.21,855.87,768.0133333
L,105,3,789.57,658.57,855.1,767.7466667
L,106,3,790.05,658.06,855.28,767.7966667
L,107,3,789.64,658.45,855.42,767.8366667
L,108,3,789.31,657.96,855.54,767.6033333
L,109,3,789.05,658.37,855.63,767.6833333
L,110,3,788.84,658.69,855.7,767.7433333
L,1,4,1224.43,1027.79,1318.47,1190.23
L,2,4,1224.34,1027.83,1318.78,1190.316667
L,3,4,1225.08,1027.87,1319.02,1190.656667
L,4,4,1224.86,1027.89,1319.22,1190.656667
L,5,4,1224.69,1027.92,1319.38,1190.663333
L,6,4,1224.55,1027.93,1318.7,1190.393333
L,7,4,1224.44,1027.95,1318.96,1190.45
L,8,4,1224.35,1027.96,1318.37,1190.226667
L,9,4,1222.68,1027.97,1318.69,1189.78
L,10,4,1222.95,1027.97,1318.96,1189.96
L,11,4,1223.16,1027.98,1319.96,1190.366667
L,12,4,1158.46,971.32,1281.98,1137.253333
L,13,4,1157.96,970.66,1281.58,1136.733333
L,14,4,1156.77,968.52,1277.27,1134.186667
L,15,4,1155.82,966.82,1273.01,1131.883333
L,16,4,1155.85,967.06,1272.81,1131.906667
L,17,4,1154.28,965.64,1271.85,1130.59
L,18,4,1153.03,964.52,1269.48,1129.01
L,19,4,1150.42,961.21,1266.78,1126.136667
L,20,4,1148.34,957.77,1263.83,1123.313333
L,21,4,1146.67,955.82,1261.46,1121.316667
L,22,4,1146.94,956.65,1260.37,1121.32
L,23,4,1067.96,850.18,1133.68,1017.273333
L,24,4,1064.77,846.54,1129.35,1013.553333
L,25,4,1063.82,846.03,1131.48,1013.776667
L,26,4,1062.25,843.23,1127.58,1011.02
L,27,4,1061.8,843.38,1132.47,1012.55
L,28,4,1062.24,842.71,1133.97,1012.973333
L,29,4,1061.79,843.76,1135.98,1013.843333
L,30,4,1062.24,844.61,1135.18,1014.01
L,31,4,1062.59,845.29,1132.95,1013.61
L,32,4,1061.27,842.63,1128.76,1010.886667
L,33,4,1061.27,842.63,1128.76,1010.886667
L,34,4,1182.97,976.62,1278.04,1145.876667
L,35,4,1184.78,978.9,1279.23,1147.636667
L,36,4,1186.22,978.32,1280.19,1148.243333
L,37,4,1187.38,979.45,1281.75,1149.526667
L,38,4,1188.3,981.16,1283,1150.82
L,39,4,1187.44,980.93,1281.6,1149.99
L,40,4,1186.75,979.94,1282.08,1149.59
L,41,4,1186.2,979.16,1281.66,1149.006667
L,42,4,1184.96,978.52,1281.33,1148.27
L,43,4,1182.37,976.42,1277.06,1145.283333
L,44,4,1179.5,973.14,1273.65,1142.096667
L,45,4,1161.59,937.68,1269.61,1122.96
L,46,4,1162.07,938.95,1271.69,1124.236667
L,47,4,1162.46,939.96,1272.55,1124.99
L,48,4,1163.57,939.97,1271.64,1125.06
L,49,4,1164.45,940.77,1270.91,1125.376667
L,50,4,1164.36,941.42,1272.73,1126.17
L,51,4,1164.29,941.93,1272.58,1126.266667
L,52,4,1164.23,941.55,1273.27,1126.35
L,53,4,1164.19,942.04,1274.61,1126.946667
L,54,4,1164.95,942.43,1274.89,1127.423333
L,55,4,1163.96,941.94,1275.91,1127.27
L,56,4,1191.28,979.05,1231.06,1133.796667
L,57,4,1189.83,976.84,1229.65,1132.106667
L,58,4,1188.66,975.07,1228.52,1130.75
L,59,4,1192.53,973.66,1227.61,1131.266667
L,60,4,1190.82,972.53,1227.69,1130.346667
L,61,4,1190.26,971.62,1227.75,1129.876667
L,62,4,1189.01,970.9,1227.8,1129.236667
L,63,4,1188.01,970.32,1227.04,1128.456667
L,64,4,1186.4,969.85,1224.83,1127.026667
L,65,4,1185.92,968.68,1223.07,1125.89
L,66,4,1185.54,968.55,1222.45,1125.513333
L,67,4,1183.76,962.45,1214.25,1120.153333
L,68,4,1184.6,961.96,1213,1119.853333
L,69,4,1184.48,961.57,1212,1119.35
L,70,4,1184.39,961.25,1212.8,1119.48
L,71,4,1183.51,960.2,1213.44,1119.05
L,72,4,1183.61,960.16,1213.95,1119.24
L,73,4,1182.89,961.73,1215.16,1119.926667
L,74,4,1183.11,962.98,1214.53,1120.206667
L,75,4,1183.29,962.39,1213.22,1119.633333
L,76,4,1182.63,961.11,1212.18,1118.64
L,77,4,1182.9,961.69,1212.14,1118.91
L,78,4,1150.65,943.93,1199.15,1097.91
L,79,4,1151.72,945.54,1199.32,1098.86
L,80,4,1152.58,945.23,1201.86,1099.89
L,81,4,1153.26,946.59,1201.49,1100.446667
L,82,4,1154.61,947.67,1201.99,1101.423333
L,83,4,1155.69,948.54,1201.59,1101.94
L,84,4,1155.75,949.23,1202.07,1102.35
L,85,4,1155,948.98,1202.46,1102.146667
L,86,4,1155.2,949.59,1201.97,1102.253333
L,87,4,1155.36,950.07,1203.17,1102.866667
L,88,4,1156.29,950.46,1204.14,1103.63
L,89,4,1154.11,948.32,1222.11,1108.18
L,90,4,1155.29,949.06,1223.29,1109.213333
L,91,4,1156.23,949.64,1224.23,1110.033333
L,92,4,1156.19,950.12,1224.98,1110.43
L,93,4,1156.15,950.49,1225.59,1110.743333
L,94,4,1156.12,950.79,1225.27,1110.726667
L,95,4,1156.9,951.04,1225.82,1111.253333
L,96,4,1157.52,951.23,1225.45,1111.4
L,97,4,1161.21,948.98,1224.36,1111.516667
L,98,4,1160.97,949.59,1225.09,1111.883333
L,99,4,1159.18,950.07,1225.67,1111.64
L,100,4,1117.11,899.48,1159.43,1058.673333
L,101,4,1112.89,896.39,1155.54,1054.94
L,102,4,1111.91,893.11,1152.43,1052.483333
L,103,4,1108.73,891.29,1149.95,1049.99
L,104,4,1106.18,889.83,1147.96,1047.99
L,105,4,1105.75,888.66,1146.37,1046.926667
L,106,4,1103.8,885.33,1143.49,1044.206667
L,107,4,1102.24,884.26,1141.19,1042.563333
L,108,4,1100.99,881.81,1139.36,1040.72
L,109,4,1099.19,879.85,1136.28,1038.44
L,110,4,1096.95,876.68,1133.03,1035.553333
L,1,5,1560.49,1303.82,1645.22,1503.176667
L,2,5,1561.19,1303.06,1645.77,1503.34
L,3,5,1560.95,1303.25,1645.42,1503.206667
L,4,5,1559.16,1303.4,1645.94,1502.833333
L,5,5,1559.33,1303.52,1645.55,1502.8
L,6,5,1559.46,1303.61,1645.24,1502.77
L,7,5,1560.37,1308.49,1644.99,1504.616667
L,8,5,1560.3,1307.59,1644.79,1504.226667
L,9,5,1561.04,1306.87,1645.43,1504.446667
L,10,5,1560.83,1307.1,1645.15,1504.36
L,11,5,1561.46,1306.48,1645.72,1504.553333
L,12,5,1486.92,1182.53,1511.67,1393.706667
L,13,5,1486.33,1183.62,1510.94,1393.63
L,14,5,1485.87,1183.7,1511.95,1393.84
L,15,5,1486.29,1183.76,1512.76,1394.27
L,16,5,1487.44,1183.81,1512.61,1394.62
L,17,5,1487.55,1183.85,1510.89,1394.096667
L,18,5,1486.84,1183.88,1510.31,1393.676667
L,19,5,1485.47,1183.9,1511.45,1393.606667
L,20,5,1485.98,1184.72,1511.56,1394.086667
L,21,5,1486.38,1184.58,1511.65,1394.203333
L,22,5,1486.71,1185.26,1511.72,1394.563333
L,23,5,1203.22,829.55,1282.88,1105.216667
L,24,5,1204.97,830.04,1283.11,1106.04
L,25,5,1206.38,830.43,1284.09,1106.966667
L,26,5,1207.5,829.95,1284.07,1107.173333
L,27,5,1207.6,829.56,1284.85,1107.336667
L,28,5,1208.48,829.25,1285.48,1107.736667
L,29,5,1208.39,829.8,1285.99,1108.06
L,30,5,1209.11,829.44,1285.59,1108.046667
L,31,5,1209.69,829.15,1285.27,1108.036667
L,32,5,1210.15,828.92,1285.02,1108.03
L,33,5,1442.74,1169.32,1476.64,1362.9
L,34,5,1442.2,1169.06,1476.51,1362.59
L,35,5,1443.36,1169.65,1479.61,1364.206667
L,36,5,1443.49,1170.12,1479.69,1364.433333
L,37,5,1443.59,1169.69,1479.75,1364.343333
L,38,5,1443.67,1168.56,1479,1363.743333
L,39,5,1444.54,1168.44,1479.2,1364.06
L,40,5,1445.23,1169.16,1479.36,1364.583333
L,41,5,1445.78,1169.72,1479.49,1364.996667
L,42,5,1445.43,1169.38,1479.59,1364.8
L,43,5,1442.74,1167.5,1474.87,1361.703333
L,44,5,1442.74,1169.32,1476.64,1362.9
L,45,5,1442.2,1169.06,1476.51,1362.59
L,46,5,1442.2,1169.06,1476.51,1362.59
L,47,5,1443.36,1169.65,1479.61,1364.206667
L,48,5,1443.49,1170.12,1479.69,1364.433333
L,49,5,1443.59,1169.69,1479.75,1364.343333
L,50,5,1443.67,1168.56,1479,1363.743333
L,51,5,1444.54,1168.44,1479.2,1364.06
L,52,5,1445.23,1169.16,1479.36,1364.583333
L,53,5,1445.78,1169.72,1479.49,1364.996667
L,54,5,1445.43,1169.38,1479.59,1364.8
L,55,5,1442.74,1167.5,1474.87,1361.703333
L,56,5,1533.15,1276.02,1616.14,1475.103333
L,57,5,1533.72,1277.62,1617.71,1476.35
L,58,5,1534.17,1278.09,1617.37,1476.543333
L,59,5,1534.54,1279.28,1618.7,1477.506667
L,60,5,1535.63,1279.42,1618.96,1478.003333
L,61,5,1535.7,1278.74,1617.57,1477.336667
L,62,5,1535.76,1278.99,1617.25,1477.333333
L,63,5,1536.61,1278.39,1617,1477.333333
L,64,5,1534.89,1278.71,1616,1476.533333
L,65,5,1534.31,1278.97,1616,1476.426667
L,66,5,1535.45,1278.38,1616.8,1476.876667
L,67,5,1526.23,1276.05,1617.41,1473.23
L,68,5,1529.78,1277.64,1620.33,1475.916667
L,69,5,1532.63,1280.51,1623.46,1478.866667
L,70,5,1534.9,1282.01,1625.97,1480.96
L,71,5,1535.92,1284.01,1628.78,1482.903333
L,72,5,1537.54,1286.41,1630.22,1484.723333
L,73,5,1539.63,1287.52,1632.18,1486.443333
L,74,5,1540.5,1289.22,1632.94,1487.553333
L,75,5,1546.8,1290.58,1633.55,1490.31
L,76,5,1544.64,1290.06,1634.04,1489.58
L,77,5,1543.71,1289.65,1632.83,1488.73
L,78,5,1525.7,1272.28,1616.96,1471.646667
L,79,5,1527.76,1273.82,1616.77,1472.783333
L,80,5,1530.21,1275.86,1617.42,1474.496667
L,81,5,1529.77,1275.89,1617.13,1474.263333
L,82,5,1529.41,1277.51,1617.71,1474.876667
L,83,5,1528.33,1275.61,1617.37,1473.77
L,84,5,1528.27,1274.89,1616.29,1473.15
L,85,5,1526.61,1275.91,1616.23,1472.916667
L,86,5,1526.09,1275.13,1616.19,1472.47
L,87,5,1526.47,1275.3,1616.95,1472.906667
L,88,5,1526.78,1273.84,1615.96,1472.193333
L,89,5,1513.95,1264,1606.75,1461.566667
L,90,5,1514.36,1265.6,1607,1462.32
L,91,5,1515.49,1265.28,1608,1462.923333
L,92,5,1515.59,1265.82,1608.8,1463.403333
L,93,5,1516.47,1266.26,1608.64,1463.79
L,94,5,1517.18,1266.61,1609.31,1464.366667
L,95,5,1516.94,1266.89,1609.05,1464.293333
L,96,5,1517.55,1272.71,1609.64,1466.633333
L,97,5,1518.04,1271.77,1610.11,1466.64
L,98,5,1516.03,1270.21,1608.09,1464.776667
L,99,5,1516.03,1268.17,1608.87,1464.356667
L,100,5,1560.6,1296.65,1644.82,1500.69
L,101,5,1560.48,1296.52,1644.66,1500.553333
L,102,5,1561.18,1296.41,1645.33,1500.973333
L,103,5,1560.95,1296.33,1645.06,1500.78
L,104,5,1560.76,1296.27,1654.45,1503.826667
L,105,5,1561.41,1296.21,1652.36,1503.326667
L,106,5,1561.13,1296.17,1650.69,1502.663333
L,107,5,1560.9,1295.34,1650.15,1502.13
L,108,5,1560.72,1295.47,1648.92,1501.703333
L,109,5,1561.38,1294.78,1648.74,1501.633333
L,110,5,1561.1,1295.02,1647.79,1501.303333
L,1,6,2040.21,1740.36,2213.03,1997.866667
L,2,6,2040.17,1740.29,2212.83,1997.763333
L,3,6,2040.13,1740.23,2214.26,1998.206667
L,4,6,2040.11,1740.18,2213.81,1998.033333
L,5,6,2040.08,1741.75,2211.05,1997.626667
L,6,6,2040.07,1741.4,2211.24,1997.57
L,7,6,2040.05,1741.12,2211.39,1997.52
L,8,6,2040.04,1742.49,2209.91,1997.48
L,9,6,2040.03,1742,2210.33,1997.453333
L,10,6,2040.03,1743.2,2208.26,1997.163333
L,11,6,2040.02,1744.16,2207.41,1997.196667
L,12,6,1904.05,1548.98,2014.3,1822.443333
L,13,6,1904.04,1548.78,2014.64,1822.486667
L,14,6,1904.03,1549.43,2014.91,1822.79
L,15,6,1904.82,1549.14,2015.13,1823.03
L,16,6,1904.66,1549.71,2015.31,1823.226667
L,17,6,1905.33,1549.37,2015.44,1823.38
L,18,6,1905.06,1549.9,2015.56,1823.506667
L,19,6,1904.85,1549.52,2015.64,1823.336667
L,20,6,1905.98,1549.61,2015.77,1823.786667
L,21,6,1906.39,1550.09,2015.82,1824.1
L,22,6,1905.91,1549.67,2015.05,1823.543333
L,23,6,1886.54,1572.05,1983.12,1813.903333
L,24,6,1886.83,1572.84,1982.5,1814.056667
L,25,6,1887.06,1573.47,1984.4,1814.976667
L,26,6,1887.25,1573.98,1985.12,1815.45
L,27,6,1887.4,1574.38,1992.89,1818.223333
L,28,6,1886.72,1573.91,1990.32,1816.983333
L,29,6,1886.98,1574.32,1988.25,1816.516667
L,30,6,1887.18,1573.86,1988.2,1816.413333
L,31,6,1887.34,1574.29,1986.56,1816.063333
L,32,6,1887.48,1573.83,1985.25,1815.52
L,33,6,1887.48,1573.83,1985.25,1815.52
L,34,6,1770.28,1373.98,1889.78,1678.013333
L,35,6,1771.43,1374.38,1898.23,1681.346667
L,36,6,1773.14,1374.71,1898.58,1682.143333
L,37,6,1773.71,1375.76,1898.86,1682.776667
L,38,6,1774.17,1376.61,1899.09,1683.29
L,39,6,1774.54,1376.49,1899.27,1683.433333
L,40,6,1774.83,1377.19,1899.42,1683.813333
L,41,6,1775.06,1377.75,1898.74,1683.85
L,42,6,1775.25,1377.4,1899.79,1684.146667
L,43,6,1775.4,1377.92,1900.63,1684.65
L,44,6,1777.12,1377.54,1901.3,1685.32
L,45,6,1619.3,1206.14,1848.32,1557.92
L,46,6,1620.24,1206.52,1849.06,1558.606667
L,47,6,1620.19,1207.61,1848.84,1558.88
L,48,6,1620.15,1207.69,1848.68,1558.84
L,49,6,1620.12,1207.75,1849.34,1559.07
L,50,6,1620.1,1207.8,1849.87,1559.256667
L,51,6,1620.88,1207.84,1850.3,1559.673333
L,52,6,1620.7,1207.87,1850.64,1559.736667
L,53,6,1621.36,1207.1,1851.71,1560.056667
L,54,6,1621.09,1207.28,1851.77,1560.046667
L,55,6,1621.67,1207.42,1851.81,1560.3
L,56,6,1904.01,1579.59,1987.8,1823.8
L,57,6,1904.81,1578.07,1987.84,1823.573333
L,58,6,1904.64,1576.06,1987.87,1822.856667
L,59,6,1905.32,1576.04,1987.9,1823.086667
L,60,6,1905.85,1574.44,1987.92,1822.736667
L,61,6,1903.88,1573.95,1987.93,1821.92
L,62,6,1904.71,1572.76,1987.95,1821.806667
L,63,6,1904.56,1573.41,1987.96,1821.976667
L,64,6,1905.25,1573.93,1988.77,1822.65
L,65,6,1903.4,1573.54,1988.61,1821.85
L,66,6,1901.92,1572.43,1988.49,1820.946667
L,67,6,1905.03,1559.02,1998.61,1820.886667
L,68,6,1907.22,1559.21,2000.49,1822.306667
L,69,6,1908.98,1560.17,2001.19,1823.446667
L,70,6,1910.38,1560.14,2002.55,1824.356667
L,71,6,1910.71,1561.71,2002.84,1825.086667
L,72,6,1911.77,1561.37,2003.87,1825.67
L,73,6,1911.81,1562.69,2003.9,1826.133333
L,74,6,1912.65,1563.76,2003.92,1826.776667
L,75,6,1912.52,1563,2003.94,1826.486667
L,76,6,1913.22,1564,2003.95,1827.056667
L,77,6,1914.57,1565.6,2005.56,1828.576667
L,78,6,1797.92,1492.72,1891.08,1727.24
L,79,6,1799.14,1492.57,1891.27,1727.66
L,80,6,1798.51,1493.26,1892.21,1727.993333
L,81,6,1798.81,1493.01,1892.97,1728.263333
L,82,6,1799.85,1493.61,1893.58,1729.013333
L,83,6,1800.68,1494.88,1894.06,1729.873333
L,84,6,1800.54,1495.91,1893.65,1730.033333
L,85,6,1801.23,1496.73,1894.12,1730.693333
L,86,6,1801.79,1496.58,1894.5,1730.956667
L,87,6,1801.43,1497.26,1894.8,1731.163333
L,88,6,1801.14,1497.01,1895.84,1731.33
L,89,6,1698.99,1422.3,1784.61,1635.3
L,90,6,1697.59,1421.84,1784.49,1634.64
L,91,6,1698.08,1420.67,1784.39,1634.38
L,92,6,1698.46,1420.54,1785.11,1634.703333
L,93,6,1697.97,1419.63,1784.89,1634.163333
L,94,6,1698.37,1419.7,1783.91,1633.993333
L,95,6,1697.1,1418.96,1783.93,1633.33
L,96,6,1697.68,1418.37,1783.94,1633.33
L,97,6,1696.54,1418.7,1783.95,1633.063333
L,98,6,1696.44,1417.36,1781.56,1631.786667
L,99,6,1467.99,1250.69,1563.62,1427.433333
L,100,6,1467.99,1250.95,1564.5,1427.813333
L,101,6,1467.99,1251.16,1563.6,1427.583333
L,102,6,1467.99,1251.33,1563.68,1427.666667
L,103,6,1467.99,1249.86,1564.54,1427.463333
L,104,6,1468,1250.29,1565.23,1427.84
L,105,6,1468,1249.83,1564.19,1427.34
L,106,6,1468,1248.67,1564.95,1427.206667
L,107,6,1468,1247.73,1564.76,1426.83
L,108,6,1468,1246.99,1565.41,1426.8
L,109,6,1466.4,1246.39,1565.93,1426.24
L,110,6,1466.4,1246.39,1565.93,1426.24
L,1,7,2942.81,2461.82,3154.31,2852.98
L,2,7,2943.05,2462.26,3154.65,2853.32
L,3,7,2943.24,2463.41,3154.92,2853.856667
L,4,7,2943.39,2462.72,3154.33,2853.48
L,5,7,2942.71,2462.98,3154.67,2853.453333
L,6,7,2942.97,2462.38,3154.13,2853.16
L,7,7,2942.38,2463.51,3154.51,2853.466667
L,8,7,2941.9,2463.61,3154.01,2853.173333
L,9,7,2942.32,2464.48,3154.4,2853.733333
L,10,7,2942.66,2463.59,3154.72,2853.656667
L,11,7,2942.93,2462.87,3154.98,2853.593333
L,12,7,2766.98,2394.79,2987.32,2716.363333
L,13,7,2767.99,2395.03,2987.46,2716.826667
L,14,7,2767.99,2396.02,2988.37,2717.46
L,15,7,2767.19,2396.02,2989.09,2717.433333
L,16,7,2767.35,2396.82,2989.67,2717.946667
L,17,7,2768.28,2396.65,2990.14,2718.356667
L,18,7,2769.03,2397.32,2990.51,2718.953333
L,19,7,2770.42,2397.06,2990.81,2719.43
L,20,7,2769.94,2397.65,2991.05,2719.546667
L,21,7,2769.55,2397.32,2991.24,2719.37
L,22,7,2770.04,2396.25,2989.79,2718.693333
L,23,7,2820.85,2347.35,3047.98,2738.726667
L,24,7,2821.48,2346.68,3047.98,2738.713333
L,25,7,2821.98,2346.95,3047.99,2738.973333
L,26,7,2822.39,2347.16,3048.79,2739.446667
L,27,7,2821.91,2348.13,3049.43,2739.823333
L,28,7,2822.33,2349.7,3049.95,2740.66
L,29,7,2822.66,2349.36,3050.36,2740.793333
L,30,7,2822.93,2349.09,3050.69,2740.903333
L,31,7,2823.14,2348.87,3050.95,2740.986667
L,32,7,2823.32,2348.7,3051.16,2741.06
L,33,7,2753.57,2328.5,3060.35,2714.14
L,34,7,2754.06,2326.8,3060.28,2713.713333
L,35,7,2754.45,2327.04,3060.22,2713.903333
L,36,7,2754.76,2328.03,3061.78,2714.856667
L,37,7,2755.01,2329.63,3063.82,2716.153333
L,38,7,2755.2,2331.7,3064.66,2717.186667
L,39,7,2755.36,2342.16,3065.33,2720.95
L,40,7,2755.49,2341.73,3065.86,2721.026667
L,41,7,2755.59,2341.38,3066.29,2721.086667
L,42,7,2757.82,2343.77,3069.78,2723.79
L,43,7,2758.26,2343.01,3071.03,2724.1
L,44,7,2827.69,2373.46,3059.59,2753.58
L,45,7,2828.55,2373.97,3059.67,2754.063333
L,46,7,2829.24,2373.57,3059.74,2754.183333
L,47,7,2828.99,2373.26,3059.79,2754.013333
L,48,7,2838.39,2373.81,3059.83,2757.343333
L,49,7,2837.12,2374.25,3059.87,2757.08
L,50,7,2835.29,2373.8,3059.89,2756.326667
L,51,7,2833.83,2374.24,3059.91,2755.993333
L,52,7,2831.87,2382.59,3059.93,2758.13
L,53,7,2831.89,2381.27,3059.15,2757.436667
L,54,7,2831.12,2379.42,3059.32,2756.62
L,55,7,2804.54,2337.86,3034.15,2725.516667
L,56,7,2805.23,2337.49,3034.52,2725.746667
L,57,7,2804.99,2337.99,3034.82,2725.933333
L,58,7,2803.99,2338.39,3035.05,2725.81
L,59,7,2803.99,2338.72,3033.64,2725.45
L,60,7,2803.99,2337.37,3031.71,2724.356667
L,61,7,2803.99,2336.3,3042.17,2727.486667
L,62,7,2804.8,2335.44,3038.54,2726.26
L,63,7,2805.44,2335.55,3036.43,2725.806667
L,64,7,2805.15,2334.84,3033.94,2724.643333
L,65,7,2804.92,2333.47,3032.76,2723.716667
L,66,7,2786.79,2339.06,2999.89,2708.58
L,67,7,2787.03,2338.45,2999.91,2708.463333
L,68,7,2787.23,2337.16,2999.93,2708.106667
L,69,7,2786.58,2336.93,2999.14,2707.55
L,70,7,2786.86,2335.94,2998.51,2707.103333
L,71,7,2786.29,2335.95,2998.81,2707.016667
L,72,7,2786.63,2336.76,2999.05,2707.48
L,73,7,2785.31,2336.61,2998.44,2706.786667
L,74,7,2783.45,2334.89,2998.75,2705.696667
L,75,7,2782.76,2333.51,2999,2705.09
L,76,7,2783.81,2333.21,2999.2,2705.406667
L,77,7,2793.6,2371.82,3001.78,2722.4
L,78,7,2794.08,2371.85,3003.02,2722.983333
L,79,7,2795.26,2371.08,3001.62,2722.653333
L,80,7,2796.21,2371.27,3001.29,2722.923333
L,81,7,2796.17,2370.61,3001.04,2722.606667
L,82,7,2796.13,2370.89,3000.83,2722.616667
L,83,7,2805.71,2370.31,2999.86,2725.293333
L,84,7,2808.57,2381.85,3008.69,2733.036667
L,85,7,2810.05,2386.28,3011.75,2736.026667
L,86,7,2810.44,2391.42,3014.2,2738.686667
L,87,7,2812.35,2393.14,3016.16,2740.55
L,88,7,2762.91,2353.27,2973.13,2696.436667
L,89,7,2762.32,2352.22,2973.7,2696.08
L,90,7,2762.66,2351.37,2974.96,2696.33
L,91,7,2762.93,2350.7,2975.17,2696.266667
L,92,7,2763.14,2351.76,2974.54,2696.48
L,93,7,2763.31,2351.01,2974.83,2696.383333
L,94,7,2763.45,2351.21,2974.26,2696.306667
L,95,7,2766.76,2356.16,2977.81,2700.243333
L,96,7,2769.41,2360.93,2980.65,2703.663333
L,97,7,2771.53,2363.95,2982.92,2706.133333
L,98,7,2771.62,2365.56,2984.74,2707.306667
L,99,7,2789.23,2334.64,2988.21,2704.026667
L,100,7,2788.98,2335.71,2988.97,2704.553333
L,101,7,2788.79,2334.97,2989.57,2704.443333
L,102,7,2788.63,2334.38,3000.46,2707.823333
L,103,7,2788.5,2333.1,2997.97,2706.523333
L,104,7,2788.4,2334.48,2995.97,2706.283333
L,105,7,2788.32,2333.19,2995.18,2705.563333
L,106,7,2788.26,2333.75,2994.54,2705.516667
L,107,7,2788.21,2333.4,2992.43,2704.68
L,108,7,2788.97,2333.92,2992.35,2705.08
L,109,7,2787.97,2332.73,2989.88,2703.526667
L,110,7,2787.97,2332.73,2989.88,2703.526667
W,1,1,475.2,475.2,474,474.8
W,2,1,473.2,473.2,474,473.4666667
W,3,1,475.6,477.2,478.4,477.0666667
W,4,1,478,476.8,474.8,476.5333333
W,5,1,474.4,474.8,476.8,475.3333333
W,6,1,478,478.8,478.8,478.5333333
W,7,1,478.4,477.6,476,477.3333333
W,8,1,475.2,475.2,476.8,475.7333333
W,9,1,477.6,477.2,475.6,476.8
W,10,1,474.4,474,474.4,474.2666667
W,11,1,474.8,475.6,476,475.4666667
W,12,1,487.6,489.6,489.6,488.9333333
W,13,1,488.8,486.8,486.4,487.3333333
W,14,1,486.4,487.2,486.8,486.8
W,15,1,486.8,487.6,488.4,487.6
W,16,1,488.4,487.2,487.2,487.6
W,17,1,488,488.8,488,488.2666667
W,18,1,486.8,486.8,488.4,487.3333333
W,19,1,490,490,489.2,489.7333333
W,20,1,488.4,489.2,489.6,489.0666667
W,21,1,490,490,490.8,490.2666667
W,22,1,491.2,490,488.4,489.8666667
W,23,1,434.4,434.8,435.6,434.9333333
W,24,1,434.4,434.8,435.6,434.9333333
W,25,1,437.2,438.8,439.6,438.5333333
W,26,1,438.8,437.2,436.8,437.6
W,27,1,437.2,438,437.6,437.6
W,28,1,437.6,437.6,438.8,438
W,29,1,439.2,440,440,439.7333333
W,30,1,441.2,441.2,441.2,441.2
W,31,1,440.4,440.4,440.4,440.4
W,32,1,440.4,440,440,440.1333333
W,33,1,440,440.8,440.8,440.5333333
W,34,1,508.8,508.8,508.4,508.6666667
W,35,1,507.2,506.4,504.8,506.1333333
W,36,1,504.4,504.8,506.8,505.3333333
W,37,1,507.6,508,507.6,507.7333333
W,38,1,507.2,506.4,504.8,506.1333333
W,39,1,504.4,504.8,507.2,505.4666667
W,40,1,508.8,509.6,508,508.8
W,41,1,505.6,503.6,503.6,504.2666667
W,42,1,505.2,507.2,508.4,506.9333333
W,43,1,508.8,508.4,507.2,508.1333333
W,44,1,505.6,504.8,505.6,505.3333333
W,45,1,516.8,517.2,517.6,517.2
W,46,1,518.8,518.8,518.4,518.6666667
W,47,1,517.2,516,515.2,516.1333333
W,48,1,514.4,514.8,514.8,514.6666667
W,49,1,515.6,514.8,514.8,515.0666667
W,50,1,514.4,515.2,516,515.2
W,51,1,516.4,516.8,516.4,516.5333333
W,52,1,517.2,516.8,517.2,517.0666667
W,53,1,516.8,518,518.8,517.8666667
W,54,1,519.2,518.8,518,518.6666667
W,55,1,518,517.6,517.2,517.6
W,56,1,516.8,516,516,516.2666667
W,57,1,517.6,518,517.6,517.7333333
W,58,1,516,515.2,516.4,515.8666667
W,59,1,518,520.4,519.6,519.3333333
W,60,1,519.2,517.2,516.8,517.7333333
W,61,1,516,516.4,517.2,516.5333333
W,62,1,517.6,518,517.6,517.7333333
W,63,1,518,517.2,517.2,517.4666667
W,64,1,516.8,517.6,518,517.4666667
W,65,1,517.6,516.4,514.8,516.2666667
W,66,1,514.8,515.2,516,515.3333333
W,67,1,473.2,472,470.8,472
W,68,1,469.6,470,471.2,470.2666667
W,69,1,472.4,472.4,472.4,472.4
W,70,1,472.8,473.6,474,473.4666667
W,71,1,473.6,473.6,473.2,473.4666667
W,72,1,474.4,474.4,474.8,474.5333333
W,73,1,472.8,473.2,473.6,473.2
W,74,1,476,475.6,475.6,475.7333333
W,75,1,474.4,474.4,473.2,474
W,76,1,473.2,473.2,474.8,473.7333333
W,77,1,475.2,475.6,475.2,475.3333333
W,78,1,488.4,488,488.8,488.4
W,79,1,490.4,490.8,491.6,490.9333333
W,80,1,490.8,490.4,488.8,490
W,81,1,488.8,489.2,490.8,489.6
W,82,1,490.8,490,488.8,489.8666667
W,83,1,489.2,490.4,491.2,490.2666667
W,84,1,491.2,490.8,491.2,491.0666667
W,85,1,490.8,490,488.8,489.8666667
W,86,1,488.8,489.6,490.4,489.6
W,87,1,491.2,490.4,490,490.5333333
W,88,1,488.4,488.8,488.4,488.5333333
W,89,1,501.2,501.6,502.4,501.7333333
W,90,1,504,504.4,504.4,504.2666667
W,91,1,503.6,502.8,501.6,502.6666667
W,92,1,501.6,502.4,504,502.6666667
W,93,1,504,503.2,502,503.0666667
W,94,1,501.6,501.2,500.4,501.0666667
W,95,1,499.2,499.2,500,499.4666667
W,96,1,502,502.8,502.8,502.5333333
W,97,1,502,502,502.4,502.1333333
W,98,1,503.2,503.6,504,503.6
W,99,1,503.6,502.8,502,502.8
W,100,1,503.6,502.4,503.2,503.0666667
W,101,1,504.4,505.2,505.6,505.0666667
W,102,1,506.8,507.6,507.2,507.2
W,103,1,505.2,504,504,504.4
W,104,1,505.2,505.6,504.8,505.2
W,105,1,503.6,502.8,503.6,503.3333333
W,106,1,504.4,505.6,506.4,505.4666667
W,107,1,506.8,506.8,505.6,506.4
W,108,1,505.6,506.4,508.4,506.8
W,109,1,509.2,508.4,507.6,508.4
W,110,1,507.2,507.2,505.6,506.6666667
W,1,2,567.6,568,567.6,567.7333333
W,2,2,567.6,568,567.6,567.7333333
W,3,2,568,568.8,569.2,568.6666667
W,4,2,570.4,570.8,572,571.0666667
W,5,2,570.8,570.4,568.8,570
W,6,2,568.8,568,568.4,568.4
W,7,2,567.2,566.4,566,566.5333333
W,8,2,567.6,569.6,569.6,568.9333333
W,9,2,568.8,567.2,567.2,567.7333333
W,10,2,567.2,568,568.4,567.8666667
W,11,2,568.8,568.4,568.4,568.5333333
W,12,2,651.6,650.4,648.4,650.1333333
W,13,2,644.8,641.2,636.8,640.9333333
W,14,2,634.4,633.6,635.2,634.4
W,15,2,636.8,638.4,639.6,638.2666667
W,16,2,640.4,641.6,642.4,641.4666667
W,17,2,643.6,643.6,644,643.7333333
W,18,2,643.6,644.4,644.8,644.2666667
W,19,2,644.8,643.6,642.4,643.6
W,20,2,641.6,640.4,638.4,640.1333333
W,21,2,634.4,628,620,627.4666667
W,22,2,615.6,615.6,617.6,616.2666667
W,23,2,618.4,618.4,619.6,618.8
W,24,2,565.2,566,566.4,565.8666667
W,25,2,566,565.2,563.6,564.9333333
W,26,2,562.8,562.4,563.6,562.9333333
W,27,2,564.4,565.6,566,565.3333333
W,28,2,566.4,566,566,566.1333333
W,29,2,565.6,566,565.2,565.6
W,30,2,565.2,564.8,565.6,565.2
W,31,2,566.4,566.8,566.4,566.5333333
W,32,2,565.2,564.8,565.2,565.0666667
W,33,2,565.6,565.6,565.2,565.4666667
W,34,2,565.6,566.8,566.8,566.4
W,35,2,620,620.4,620.8,620.4
W,36,2,621.6,622.8,623.6,622.6666667
W,37,2,624,624,624,624
W,38,2,623.6,622.8,622.4,622.9333333
W,39,2,622.4,623.2,622.8,622.8
W,40,2,622.8,622,622.8,622.5333333
W,41,2,623.2,624.4,624.4,624
W,42,2,624.4,623.6,622.8,623.6
W,43,2,621.2,620,619.6,620.2666667
W,44,2,620.8,622.4,623.6,622.2666667
W,45,2,624,624,624,624
W,46,2,621.2,623.2,624.8,623.0666667
W,47,2,624,623.2,622,623.0666667
W,48,2,621.6,620.4,620,620.6666667
W,49,2,619.6,620,619.6,619.7333333
W,50,2,620.4,620.8,621.6,620.9333333
W,51,2,621.6,621.2,620.8,621.2
W,52,2,620.4,620,619.6,620
W,53,2,619.2,619.6,620.4,619.7333333
W,54,2,620.8,620.8,620,620.5333333
W,55,2,620,620.4,621.2,620.5333333
W,56,2,621.6,621.6,621.6,621.6
W,57,2,568.4,569.2,568.8,568.8
W,58,2,568.8,568,568.4,568.4
W,59,2,568.4,569.2,569.2,568.9333333
W,60,2,568.4,567.6,567.6,567.8666667
W,61,2,568.8,568.8,569.2,568.9333333
W,62,2,569.6,571.2,570.8,570.5333333
W,63,2,568.8,566,564.8,566.5333333
W,64,2,565.6,566.8,569.2,567.2
W,65,2,570,571.6,570,570.5333333
W,66,2,570,568.4,568.8,569.0666667
W,67,2,568.8,570,570,569.6
W,68,2,559.6,560,560.4,560
W,69,2,560,559.6,559.2,559.6
W,70,2,559.2,558.4,557.2,558.2666667
W,71,2,556.4,557.2,559.2,557.6
W,72,2,560.4,561.2,560.8,560.8
W,73,2,560.8,560.8,560.8,560.8
W,74,2,560.8,560.4,560.8,560.6666667
W,75,2,561.2,561.2,560.8,561.0666667
W,76,2,560.4,560,559.2,559.8666667
W,77,2,558.8,558.8,559.6,559.0666667
W,78,2,559.6,560,560,559.8666667
W,79,2,574,575.2,575.6,574.9333333
W,80,2,574.4,572.8,572,573.0666667
W,81,2,572.4,573.6,574.4,573.4666667
W,82,2,574.8,574.4,573.6,574.2666667
W,83,2,572.4,572,572.4,572.2666667
W,84,2,573.6,574.4,574.8,574.2666667
W,85,2,575.2,575.2,575.2,575.2
W,86,2,574.8,575.2,575.6,575.2
W,87,2,575.6,574.8,574.4,574.9333333
W,88,2,574.4,574.8,574.4,574.5333333
W,89,2,574,574,574.4,574.1333333
W,90,2,549.6,550,550.4,550
W,91,2,550.8,550.4,549.6,550.2666667
W,92,2,549.2,549.2,549.6,549.3333333
W,93,2,549.2,549.2,549.6,549.3333333
W,94,2,550,549.6,548.4,549.3333333
W,95,2,548,548,548.8,548.2666667
W,96,2,549.2,550,550.4,549.8666667
W,97,2,550.8,550.4,549.6,550.2666667
W,98,2,548.8,548.8,549.6,549.0666667
W,99,2,550,550,548.8,549.6
W,100,2,548.4,547.6,548.4,548.1333333
W,101,2,558,558,559.2,558.4
W,102,2,561.2,562,561.6,561.6
W,103,2,560.8,561.2,561.6,561.2
W,104,2,561.6,560.4,560.4,560.8
W,105,2,560.8,560.8,559.6,560.4
W,106,2,558.8,560,561.2,560
W,107,2,561.6,560,559.6,560.4
W,108,2,560,561.2,561.6,560.9333333
W,109,2,561.6,562,562,561.8666667
W,110,2,562,561.2,560.8,561.3333333
W,1,3,735.6,735.6,736,735.7333333
W,2,3,735.6,735.6,736,735.7333333
W,3,3,736.4,737.2,737.2,736.9333333
W,4,3,737.6,737.2,738,737.6
W,5,3,737.6,737.6,736.8,737.3333333
W,6,3,737.6,738.8,740,738.8
W,7,3,740.4,740,739.6,740
W,8,3,738.8,738.8,738.8,738.8
W,9,3,739.2,738.8,738.8,738.9333333
W,10,3,740.4,743.2,745.6,743.0666667
W,11,3,745.2,744.4,742.8,744.1333333
W,12,3,800,799.2,798.4,799.2
W,13,3,800.4,800.4,800.4,800.4
W,14,3,798,798.4,798.8,798.4
W,15,3,799.6,799.2,799.2,799.3333333
W,16,3,798.8,798.8,798,798.5333333
W,17,3,796,794.8,793.2,794.6666667
W,18,3,793.6,794.4,796.8,794.9333333
W,19,3,798.8,800,800.4,799.7333333
W,20,3,797.2,798.4,799.6,798.4
W,21,3,800,798.8,797.6,798.8
W,22,3,799.6,800,800.4,800
W,23,3,802.4,801.2,800,801.2
W,24,3,801.6,801.2,800.8,801.2
W,25,3,800.4,800.4,800.4,800.4
W,26,3,800,800,799.6,799.8666667
W,27,3,799.6,799.2,799.2,799.3333333
W,28,3,799.2,799.2,799.2,799.2
W,29,3,799.2,799.2,799.2,799.2
W,30,3,799.2,799.2,799.2,799.2
W,31,3,799.6,799.6,800,799.7333333
W,32,3,799.6,799.6,798.8,799.3333333
W,33,3,798,797.6,798,797.8666667
W,34,3,799.6,800.4,800.8,800.2666667
W,35,3,672,672.8,672.8,672.5333333
W,36,3,672.4,672,672.8,672.4
W,37,3,673.6,674.4,674.4,674.1333333
W,38,3,674,674.8,675.6,674.8
W,39,3,677.2,676.4,674.8,676.1333333
W,40,3,672.8,672,672.8,672.5333333
W,41,3,673.6,674.8,675.2,674.5333333
W,42,3,675.6,675.2,675.2,675.3333333
W,43,3,674.8,674.8,674,674.5333333
W,44,3,674,674.4,674.8,674.4
W,45,3,675.2,674.8,675.2,675.0666667
W,46,3,792,792.8,792.8,792.5333333
W,47,3,792.4,794.4,797.2,794.6666667
W,48,3,800,798.4,796,798.1333333
W,49,3,793.2,792,791.2,792.1333333
W,50,3,791.2,791.6,792,791.6
W,51,3,792,792,792,792
W,52,3,791.6,791.2,791.2,791.3333333
W,53,3,792,793.2,794,793.0666667
W,54,3,794,793.2,792.4,793.2
W,55,3,792.4,792.8,792.8,792.6666667
W,56,3,792,791.6,791.6,791.7333333
W,57,3,758.4,759.2,759.2,758.9333333
W,58,3,758.4,758,758,758.1333333
W,59,3,758.4,758,758,758.1333333
W,60,3,758,758.4,758.4,758.2666667
W,61,3,758.4,758.8,759.6,758.9333333
W,62,3,760.8,761.2,760.4,760.8
W,63,3,759.2,760,762,760.4
W,64,3,764,762.8,760.8,762.5333333
W,65,3,758.8,758.4,758.4,758.5333333
W,66,3,758,758,758,758
W,67,3,758.4,757.6,757.2,757.7333333
W,68,3,773.2,772.8,773.2,773.0666667
W,69,3,773.6,774.8,775.2,774.5333333
W,70,3,776.4,776,776,776.1333333
W,71,3,775.2,776,777.2,776.1333333
W,72,3,778.4,778.8,778.8,778.6666667
W,73,3,778.8,778.8,778.8,778.8
W,74,3,778.8,778.8,778.8,778.8
W,75,3,778,776.8,776.4,777.0666667
W,76,3,777.6,779.6,780,779.0666667
W,77,3,779.6,778.8,778.8,779.0666667
W,78,3,778.8,778,777.2,778
W,79,3,771.2,771.2,771.2,771.2
W,80,3,771.2,770.8,770.4,770.8
W,81,3,770.8,770.8,770.8,770.8
W,82,3,770.4,770.8,771.2,770.8
W,83,3,772,772.4,772.8,772.4
W,84,3,772,771.2,770,771.0666667
W,85,3,769.6,769.2,769.6,769.4666667
W,86,3,770,769.6,768.8,769.4666667
W,87,3,768.4,769.6,770.8,769.6
W,88,3,773.2,774.8,776.4,774.8
W,89,3,774.4,772.4,770,772.2666667
W,90,3,783.2,781.6,780,781.6
W,91,3,778.8,779.2,779.6,779.2
W,92,3,780,778.8,777.6,778.8
W,93,3,776,776.4,776.8,776.4
W,94,3,778,778.4,778.8,778.4
W,95,3,778.4,778,777.6,778
W,96,3,778,778.4,778.8,778.4
W,97,3,778.8,778,777.6,778.1333333
W,98,3,777.2,778.4,778.8,778.1333333
W,99,3,781.2,782.8,784.8,782.9333333
W,100,3,782.8,780.8,778.8,780.8
W,101,3,691.2,691.2,691.2,691.2
W,102,3,691.6,691.6,691.6,691.6
W,103,3,690.8,690.8,690.8,690.8
W,104,3,691.2,691.2,691.2,691.2
W,105,3,691.2,691.2,691.2,691.2
W,106,3,691.6,691.6,691.2,691.4666667
W,107,3,690.4,690,690.4,690.2666667
W,108,3,690.4,690.8,690.8,690.6666667
W,109,3,691.2,690.8,690.4,690.8
W,110,3,690,690.4,690.8,690.4
W,1,4,1072,1072,1071.6,1071.866667
W,2,4,1071.6,1071.6,1071.6,1071.6
W,3,4,1072,1072.4,1072.8,1072.4
W,4,4,1072.4,1072,1071.6,1072
W,5,4,1071.6,1071.6,1071.6,1071.6
W,6,4,1071.6,1071.6,1071.2,1071.466667
W,7,4,1070.8,1070.4,1070.8,1070.666667
W,8,4,1071.2,1071.6,1071.2,1071.333333
W,9,4,1070,1068.8,1068.4,1069.066667
W,10,4,1069.6,1070.8,1071.6,1070.666667
W,11,4,1071.6,1071.6,1072,1071.733333
W,12,4,1024.8,1022.4,1022,1023.066667
W,13,4,1021.2,1020.4,1020.4,1020.666667
W,14,4,1020.4,1019.6,1016.4,1018.8
W,15,4,1013.6,1011.6,1011.2,1012.133333
W,16,4,1011.2,1012,1014.8,1012.666667
W,17,4,1016.4,1016.4,1014.4,1015.733333
W,18,4,1013.2,1012.8,1012,1012.666667
W,19,4,1010.4,1007.6,1005.2,1007.733333
W,20,4,1003.6,1002.8,1002,1002.8
W,21,4,1001.2,1001.2,1001.6,1001.333333
W,22,4,1002.8,1004.8,1007.2,1004.933333
W,23,4,1009.2,1010,1010.8,1010
W,24,4,916.8,916.8,916.8,916.8
W,25,4,914,910,904.4,909.4666667
W,26,4,901.6,901.6,906.4,903.2
W,27,4,910,911.2,906.8,909.3333333
W,28,4,903.2,902,907.6,904.2666667
W,29,4,913.2,917.2,916,915.4666667
W,30,4,914,913.2,914,913.7333333
W,31,4,915.6,916.4,915.6,915.8666667
W,32,4,914.4,913.2,912.4,913.3333333
W,33,4,910.8,907.6,904,907.4666667
W,34,4,901.6,902.8,906.4,903.6
W,35,4,1031.6,1032,1032,1031.866667
W,36,4,1032.8,1034.8,1037.2,1034.933333
W,37,4,1038.8,1038,1036.8,1037.866667
W,38,4,1035.6,1036.4,1037.6,1036.533333
W,39,4,1038.8,1039.6,1040,1039.466667
W,40,4,1039.6,1038,1035.2,1037.6
W,41,4,1033.2,1031.6,1032,1032.266667
W,42,4,1032.4,1033.2,1032.8,1032.8
W,43,4,1032,1031.2,1030.8,1031.333333
W,44,4,1030,1028.4,1024.8,1027.733333
W,45,4,1021.6,1018.4,1017.2,1019.066667
W,46,4,1015.6,1014.8,1013.2,1014.533333
W,47,4,1012,1012.4,1014,1012.8
W,48,4,1015.6,1016.4,1016,1016
W,49,4,1016,1015.6,1014.8,1015.466667
W,50,4,1013.6,1013.2,1013.6,1013.466667
W,51,4,1013.6,1013.2,1014,1013.6
W,52,4,1015.2,1016.4,1015.6,1015.733333
W,53,4,1014.8,1013.6,1013.6,1014
W,54,4,1013.6,1014.4,1015.2,1014.4
W,55,4,1016.4,1017.2,1017.2,1016.933333
W,56,4,1016,1014.4,1013.6,1014.666667
W,57,4,1020.4,1022.8,1023.2,1022.133333
W,58,4,1022.8,1018.4,1015.2,1018.8
W,59,4,1012.8,1012.8,1012.8,1012.8
W,60,4,1015.2,1017.6,1020,1017.6
W,61,4,1017.6,1015.2,1013.2,1015.333333
W,62,4,1014,1014.8,1015.2,1014.666667
W,63,4,1014.8,1014.4,1014,1014.4
W,64,4,1014,1014,1013.6,1013.866667
W,65,4,1012.8,1012,1010.8,1011.866667
W,66,4,1010.4,1009.6,1009.6,1009.866667
W,67,4,1009.2,1009.6,1010.4,1009.733333
W,68,4,1011.2,1010.4,1008,1009.866667
W,69,4,1006,1005.6,1006.4,1006
W,70,4,1006.4,1006,1005.6,1006
W,71,4,1005.6,1005.6,1006.4,1005.866667
W,72,4,1006.8,1006.8,1006,1006.533333
W,73,4,1006,1006.8,1007.6,1006.8
W,74,4,1007.6,1008,1008.8,1008.133333
W,75,4,1010.4,1011.2,1010.8,1010.8
W,76,4,1010,1008.4,1007.2,1008.533333
W,77,4,1005.6,1004.4,1003.6,1004.533333
W,78,4,1003.6,1004.8,1006.4,1004.933333
W,79,4,996,996.4,997.6,996.6666667
W,80,4,997.2,996.8,994.8,996.2666667
W,81,4,993.6,991.6,992,992.4
W,82,4,992.4,994.4,994,993.6
W,83,4,994,993.2,994,993.7333333
W,84,4,994.4,994.8,994.4,994.5333333
W,85,4,993.6,992.8,992.8,993.0666667
W,86,4,992.8,992.4,991.6,992.2666667
W,87,4,991.6,992.4,992.8,992.2666667
W,88,4,992.8,992.4,993.2,992.8
W,89,4,994.4,995.6,996,995.3333333
W,90,4,1001.2,1001.6,1001.6,1001.466667
W,91,4,1001.2,1000.8,1001.2,1001.066667
W,92,4,1001.6,1002,1002,1001.866667
W,93,4,1001.6,1001.2,1000.8,1001.2
W,94,4,1000.8,1000.8,1000.8,1000.8
W,95,4,1000.8,1000.8,1000.4,1000.666667
W,96,4,1000.4,1000.4,1001.2,1000.666667
W,97,4,1001.6,1002,1001.6,1001.733333
W,98,4,1002.8,1002.8,1002.8,1002.8
W,99,4,999.6,998.8,999.2,999.2
W,100,4,1000.4,1000.4,999.6,1000.133333
W,101,4,938.4,937.2,937.2,937.6
W,102,4,937.6,937.6,936.8,937.3333333
W,103,4,937.6,938,938.8,938.1333333
W,104,4,937.2,936.4,935.6,936.4
W,105,4,936,936,936,936
W,106,4,936.8,937.6,938.4,937.6
W,107,4,937.6,935.6,932.8,935.3333333
W,108,4,930.8,930.8,931.6,931.0666667
W,109,4,932.4,931.6,930.8,931.6
W,110,4,929.6,929.2,928,928.9333333
W,1,5,1353.2,1353.6,1353.2,1353.333333
W,2,5,1353.2,1352.8,1353.2,1353.066667
W,3,5,1352.8,1353.2,1352.8,1352.933333
W,4,5,1352,1350.8,1350.4,1351.066667
W,5,5,1351.6,1352.8,1353.2,1352.533333
W,6,5,1352.8,1352.4,1352.4,1352.533333
W,7,5,1352.8,1355.6,1358.4,1355.6
W,8,5,1360.4,1357.6,1354.8,1357.6
W,9,5,1352.8,1353.2,1354,1353.333333
W,10,5,1354,1354.4,1354,1354.133333
W,11,5,1354.4,1354,1354.4,1354.266667
W,12,5,1252.4,1252.4,1253.2,1252.666667
W,13,5,1253.2,1254,1254,1253.733333
W,14,5,1254.4,1253.6,1254,1254
W,15,5,1254.8,1256,1256.4,1255.733333
W,16,5,1256.8,1257.2,1257.2,1257.066667
W,17,5,1256.4,1255.6,1254.4,1255.466667
W,18,5,1253.2,1252,1252,1252.4
W,19,5,1252,1252,1252.4,1252.133333
W,20,5,1254,1256,1256.8,1255.6
W,21,5,1256.8,1256,1255.6,1256.133333
W,22,5,1255.2,1255.6,1256,1255.6
W,23,5,997.2,998,998.4,997.8666667
W,24,5,998,998,998,998
W,25,5,998.8,998.8,998.4,998.6666667
W,26,5,997.6,997.2,997.2,997.3333333
W,27,5,997.2,997.2,997.2,997.2
W,28,5,996.8,996.8,997.2,996.9333333
W,29,5,998,998.4,998.4,998.2666667
W,30,5,998.8,998.8,998.4,998.6666667
W,31,5,997.2,996.8,996.8,996.9333333
W,32,5,997.6,998,998.4,998
W,33,5,998.4,998,997.6,998
W,34,5,1226.4,1226.8,1226.4,1226.533333
W,35,5,1226.8,1226,1225.6,1226.133333
W,36,5,1226,1227.2,1230,1227.733333
W,37,5,1231.6,1232.8,1231.2,1231.866667
W,38,5,1230,1228.4,1228,1228.8
W,39,5,1227.6,1227.2,1226.4,1227.066667
W,40,5,1226,1226.4,1227.6,1226.666667
W,41,5,1228.4,1229.2,1229.6,1229.066667
W,42,5,1230,1230,1230,1230
W,43,5,1229.6,1228.8,1228,1228.8
W,44,5,1226.4,1224.4,1220,1223.6
W,45,5,1234,1233.6,1232.4,1233.333333
W,46,5,1231.2,1230.4,1229.6,1230.4
W,47,5,1229.6,1229.6,1230.4,1229.866667
W,48,5,1230.4,1230.8,1230,1230.4
W,49,5,1230.4,1230.4,1232.4,1231.066667
W,50,5,1232.8,1233.2,1231.2,1232.4
W,51,5,1230.4,1229.2,1230.4,1230
W,52,5,1231.2,1232.8,1232.8,1232.266667
W,53,5,1232.8,1232,1231.2,1232
W,54,5,1230.8,1231.2,1232.8,1231.6
W,55,5,1233.6,1233.6,1232,1233.066667
W,56,5,1329.6,1329.6,1329.6,1329.6
W,57,5,1330,1330.8,1332,1330.933333
W,58,5,1332.8,1332.8,1331.6,1332.4
W,59,5,1330.4,1330,1331.2,1330.533333
W,60,5,1332.8,1333.6,1333.2,1333.2
W,61,5,1332,1330.8,1329.2,1330.666667
W,62,5,1328,1327.6,1328.4,1328
W,63,5,1329.6,1330,1330,1329.866667
W,64,5,1328.4,1327.6,1326.4,1327.466667
W,65,5,1326.8,1326.8,1327.6,1327.066667
W,66,5,1328.8,1329.6,1330.4,1329.6
W,67,5,1329.6,1329.6,1329.6,1329.6
W,68,5,1330,1330.8,1332,1330.933333
W,69,5,1332.8,1332.8,1331.6,1332.4
W,70,5,1330.4,1330,1331.2,1330.533333
W,71,5,1332.8,1333.6,1333.2,1333.2
W,72,5,1332,1330.8,1329.2,1330.666667
W,73,5,1328,1327.6,1328.4,1328
W,74,5,1329.6,1330,1330,1329.866667
W,75,5,1328.4,1327.6,1326.4,1327.466667
W,76,5,1326.8,1326.8,1327.6,1327.066667
W,77,5,1328.8,1329.6,1330.4,1329.6
W,78,5,1326,1325.6,1325.6,1325.733333
W,79,5,1326.4,1328.4,1329.6,1328.133333
W,80,5,1330.4,1330.8,1332,1331.066667
W,81,5,1331.6,1330,1327.6,1329.733333
W,82,5,1326.4,1326.8,1328,1327.066667
W,83,5,1328.8,1327.2,1324.8,1326.933333
W,84,5,1323.2,1323.6,1324,1323.6
W,85,5,1323.2,1322.8,1323.2,1323.066667
W,86,5,1324.8,1324.8,1324.4,1324.666667
W,87,5,1324,1324.8,1326,1324.933333
W,88,5,1326.8,1326.4,1324.8,1326
W,89,5,1318.4,1318,1318.4,1318.266667
W,90,5,1318,1318.8,1318.8,1318.533333
W,91,5,1319.6,1318.8,1318.8,1319.066667
W,92,5,1318,1318.4,1318.4,1318.266667
W,93,5,1319.2,1319.6,1319.6,1319.466667
W,94,5,1319.2,1318.8,1319.2,1319.066667
W,95,5,1319.2,1319.2,1318.4,1318.933333
W,96,5,1318.4,1321.2,1324.8,1321.466667
W,97,5,1328,1325.6,1322.8,1325.466667
W,98,5,1318.8,1317.2,1314.4,1316.8
W,99,5,1313.6,1312.8,1314.4,1313.6
W,100,5,1350.8,1350.8,1351.2,1350.933333
W,101,5,1350.8,1350.4,1350,1350.4
W,102,5,1350.4,1350.8,1351.6,1350.933333
W,103,5,1351.6,1351.6,1350.8,1351.333333
W,104,5,1350.4,1350,1354.8,1351.733333
W,105,5,1360,1365.2,1360.8,1362
W,106,5,1355.6,1350.4,1350,1352
W,107,5,1350,1349.6,1349.6,1349.733333
W,108,5,1349.6,1350.4,1350.4,1350.133333
W,109,5,1350.8,1350.4,1350.8,1350.666667
W,110,5,1350.4,1350.8,1350.4,1350.533333
W,1,6,1798.8,1798,1798,1798.266667
W,2,6,1798.4,1798.8,1798.4,1798.533333
W,3,6,1798,1797.6,1797.6,1797.733333
W,4,6,1797.6,1797.6,1798.4,1797.866667
W,5,6,1799.2,1800,1799.2,1799.466667
W,6,6,1798.4,1798.4,1798,1798.266667
W,7,6,1797.6,1795.6,1796,1796.4
W,8,6,1796.4,1797.6,1797.6,1797.2
W,9,6,1797.6,1798.4,1798.4,1798.133333
W,10,6,1798.4,1796.8,1796.8,1797.333333
W,11,6,1796.8,1798.4,1798,1797.733333
W,12,6,1639.6,1640,1640.4,1640
W,13,6,1640.4,1640.4,1640.4,1640.4
W,14,6,1640.4,1640.8,1641.2,1640.8
W,15,6,1642,1642,1642,1642
W,16,6,1641.2,1641.2,1641.2,1641.2
W,17,6,1642,1642,1642,1642
W,18,6,1641.2,1641.2,1641.2,1641.2
W,19,6,1641.6,1641.2,1640.8,1641.2
W,20,6,1640.8,1641.6,1642.4,1641.6
W,21,6,1642.8,1642.4,1642,1642.4
W,22,6,1641.6,1642,1642.4,1642
W,23,6,1642.4,1641.6,1640.4,1641.466667
W,24,6,1633.2,1632.4,1633.6,1633.066667
W,25,6,1634.8,1635.6,1634.8,1635.066667
W,26,6,1634,1633.2,1634.4,1633.866667
W,27,6,1635.6,1636.8,1636.4,1636.266667
W,28,6,1636,1635.6,1639.2,1636.933333
W,29,6,1642.4,1645.2,1640,1642.533333
W,30,6,1635.6,1632,1632.8,1633.466667
W,31,6,1633.2,1632.8,1633.2,1633.066667
W,32,6,1633.6,1634.8,1634.4,1634.266667
W,33,6,1634,1632.8,1632.4,1633.066667
W,34,6,1632,1632.4,1632.8,1632.4
W,35,6,1515.2,1515.6,1515.2,1515.333333
W,36,6,1514.8,1514,1517.6,1515.466667
W,37,6,1521.6,1526,1523.2,1523.6
W,38,6,1519.6,1516.4,1516.4,1517.466667
W,39,6,1516.8,1516.8,1516.8,1516.8
W,40,6,1516.8,1516.4,1516,1516.4
W,41,6,1515.6,1516,1516.4,1516
W,42,6,1516.8,1516.8,1516.4,1516.666667
W,43,6,1516,1515.2,1515.6,1515.6
W,44,6,1516,1517.2,1517.6,1516.933333
W,45,6,1518.8,1519.2,1519.6,1519.2
W,46,6,1403.6,1403.6,1403.6,1403.6
W,47,6,1404.4,1404.8,1405.2,1404.8
W,48,6,1404.8,1404.8,1404.4,1404.666667
W,49,6,1404.4,1403.6,1403.2,1403.733333
W,50,6,1402.8,1402.8,1403.2,1402.933333
W,51,6,1403.6,1404,1404,1403.866667
W,52,6,1404.4,1404.8,1405.2,1404.8
W,53,6,1404.8,1404.4,1404,1404.4
W,54,6,1404.4,1404.4,1404.8,1404.533333
W,55,6,1404.4,1404.8,1404.4,1404.533333
W,56,6,1404.8,1404.8,1405.2,1404.933333
W,57,6,1648,1645.6,1643.2,1645.6
W,58,6,1640.8,1640.8,1640.8,1640.8
W,59,6,1640,1639.2,1638.4,1639.2
W,60,6,1638.4,1639.6,1640.8,1639.6
W,61,6,1641.6,1640.8,1640,1640.8
W,62,6,1638,1637.2,1636.4,1637.2
W,63,6,1638,1638.8,1639.6,1638.8
W,64,6,1638.8,1639.2,1639.6,1639.2
W,65,6,1640.8,1641.2,1642,1641.333333
W,66,6,1641.2,1640,1638,1639.733333
W,67,6,1637.2,1636.4,1636,1636.533333
W,68,6,1644.4,1645.2,1645.2,1644.933333
W,69,6,1646,1645.2,1645.2,1645.466667
W,70,6,1644.8,1645.6,1645.6,1645.333333
W,71,6,1645.6,1644.8,1644.8,1645.066667
W,72,6,1644.4,1645.2,1645.2,1644.933333
W,73,6,1646,1645.2,1645.2,1645.466667
W,74,6,1644.4,1645.2,1645.2,1644.933333
W,75,6,1646,1646,1646.4,1646.133333
W,76,6,1646,1644.8,1643.6,1644.8
W,77,6,1643.2,1644.4,1645.6,1644.4
W,78,6,1646.8,1647.6,1649.2,1647.866667
W,79,6,1557.2,1558,1557.2,1557.466667
W,80,6,1558,1557.2,1557.2,1557.466667
W,81,6,1555.6,1555.2,1555.2,1555.333333
W,82,6,1556.4,1556.8,1556.8,1556.666667
W,83,6,1556.8,1557.6,1558.4,1557.6
W,84,6,1559.6,1559.2,1558.4,1559.066667
W,85,6,1558.4,1558.4,1559.2,1558.666667
W,86,6,1559.6,1559.6,1559.2,1559.466667
W,87,6,1558.4,1558.4,1558.4,1558.4
W,88,6,1558.8,1558.4,1558.4,1558.533333
W,89,6,1471.6,1470.4,1469.2,1470.4
W,90,6,1469.6,1470.8,1472,1470.8
W,91,6,1471.6,1470.4,1469.2,1470.4
W,92,6,1469.6,1470,1470.4,1470
W,93,6,1470,1470.4,1471.2,1470.533333
W,94,6,1471.6,1471.2,1470,1470.933333
W,95,6,1469.6,1470,1470.4,1470
W,96,6,1469.6,1468,1467.2,1468.266667
W,97,6,1468,1469.2,1470,1469.066667
W,98,6,1469.2,1468.8,1468.4,1468.8
W,99,6,1469.2,1468.8,1467.2,1468.4
W,100,6,1468.4,1470,1470.4,1469.6
W,101,6,1284.4,1285.2,1286,1285.2
W,102,6,1286,1285.6,1285.6,1285.733333
W,103,6,1286,1286.4,1285.6,1286
W,104,6,1284.8,1284,1284.4,1284.4
W,105,6,1284.8,1284.4,1284,1284.4
W,106,6,1283.6,1284.8,1285.6,1284.666667
W,107,6,1286.4,1286,1284.8,1285.733333
W,108,6,1283.6,1282.4,1282.8,1282.933333
W,109,6,1283.2,1284,1283.6,1283.6
W,110,6,1283.2,1282.8,1283.2,1283.066667
W,1,7,2567.6,2568,2568,2567.866667
W,2,7,2568,2568.4,2568.8,2568.4
W,3,7,2569.2,2569.6,2570,2569.6
W,4,7,2570.4,2569.6,2568.4,2569.466667
W,5,7,2566.8,2566.4,2566.8,2566.666667
W,6,7,2568,2568.4,2568,2568.133333
W,7,7,2566.8,2566.8,2567.6,2567.066667
W,8,7,2568.8,2568.8,2568,2568.533333
W,9,7,2567.6,2568,2569.2,2568.266667
W,10,7,2570,2569.6,2568.8,2569.466667
W,11,7,2568,2568,2568,2568
W,12,7,2446.4,2446,2446.4,2446.266667
W,13,7,2446.4,2447.2,2447.2,2446.933333
W,14,7,2446.8,2446.4,2446.8,2446.666667
W,15,7,2447.2,2446.8,2446,2446.666667
W,16,7,2446,2446.8,2447.6,2446.8
W,17,7,2448.4,2448.4,2448.4,2448.4
W,18,7,2448,2448.4,2448.8,2448.4
W,19,7,2449.6,2449.6,2449.6,2449.6
W,20,7,2448.4,2448,2447.6,2448
W,21,7,2448,2447.6,2447.2,2447.6
W,22,7,2447.2,2447.2,2446.4,2446.933333
W,23,7,2469.6,2468.8,2468,2468.8
W,24,7,2467.2,2466.8,2466,2466.666667
W,25,7,2465.2,2465.2,2465.6,2465.333333
W,26,7,2466,2466,2466.4,2466.133333
W,27,7,2466.4,2466.8,2466.8,2466.666667
W,28,7,2467.6,2468.4,2469.2,2468.4
W,29,7,2469.6,2468.8,2468,2468.8
W,30,7,2467.2,2467.2,2467.2,2467.2
W,31,7,2467.2,2467.2,2467.2,2467.2
W,32,7,2467.2,2467.2,2467.2,2467.2
W,33,7,2467.2,2467.2,2472.4,2468.933333
W,34,7,2440.4,2440.8,2441.2,2440.8
W,35,7,2442.4,2442,2441.6,2442
W,36,7,2440.8,2441.6,2442.4,2441.6
W,37,7,2443.2,2443.6,2444.8,2443.866667
W,38,7,2446,2447.2,2448,2447.066667
W,39,7,2448.8,2449.6,2449.6,2449.333333
W,40,7,2449.6,2453.6,2458,2453.733333
W,41,7,2462.4,2458,2453.6,2458
W,42,7,2449.2,2449.2,2449.2,2449.2
W,43,7,2450,2451.6,2454,2451.866667
W,44,7,2455.2,2455.6,2455.2,2455.333333
W,45,7,2478.8,2479.2,2479.6,2479.2
W,46,7,2479.2,2479.6,2480,2479.6
W,47,7,2480.4,2480,2479.6,2480
W,48,7,2478.8,2478.4,2478,2478.4
W,49,7,2482.8,2488,2493.2,2488
W,50,7,2489.2,2484.8,2480.4,2484.8
W,51,7,2480,2479.2,2478.4,2479.2
W,52,7,2478,2478.4,2478.8,2478.4
W,53,7,2478.8,2482.4,2486,2482.4
W,54,7,2490.8,2487.6,2484,2487.466667
W,55,7,2479.2,2478,2477.6,2478.266667
W,56,7,2453.6,2453.6,2453.6,2453.6
W,57,7,2454.4,2454.4,2454.4,2454.4
W,58,7,2453.6,2453.6,2453.6,2453.6
W,59,7,2453.6,2453.2,2452.8,2453.2
W,60,7,2453.2,2453.6,2453.2,2453.333333
W,61,7,2452.4,2450.8,2449.6,2450.933333
W,62,7,2448.4,2448,2454,2450.133333
W,63,7,2460.4,2466.8,2461.2,2462.8
W,64,7,2455.2,2449.6,2450.4,2451.733333
W,65,7,2450.8,2450.4,2449.2,2450.133333
W,66,7,2448.4,2447.6,2447.6,2447.866667
W,67,7,2437.2,2437.6,2438,2437.6
W,68,7,2438.4,2438,2437.6,2438
W,69,7,2437.2,2436.8,2436.4,2436.8
W,70,7,2435.6,2435.6,2435.2,2435.466667
W,71,7,2435.6,2435.2,2435.2,2435.333333
W,72,7,2434.4,2434.4,2434.8,2434.533333
W,73,7,2436,2437.2,2438,2437.066667
W,74,7,2437.6,2436.4,2434.8,2436.266667
W,75,7,2433.6,2432,2431.2,2432.266667
W,76,7,2431.2,2432,2432.4,2431.866667
W,77,7,2433.2,2434.4,2435.6,2434.4
W,78,7,2451.6,2454.4,2455.6,2453.866667
W,79,7,2456,2454.8,2453.6,2454.8
W,80,7,2453.2,2453.2,2452,2452.8
W,81,7,2450.4,2449.6,2450.4,2450.133333
W,82,7,2450.8,2450.4,2449.6,2450.266667
W,83,7,2449.2,2449.6,2450,2449.6
W,84,7,2455.2,2459.6,2463.6,2459.466667
W,85,7,2460.4,2463.6,2472,2465.333333
W,86,7,2482.4,2484.4,2479.6,2482.133333
W,87,7,2474.8,2473.2,2473.6,2473.866667
W,88,7,2428,2426.8,2426.4,2427.066667
W,89,7,2425.6,2425.6,2425.2,2425.466667
W,90,7,2425.6,2426,2426.8,2426.133333
W,91,7,2427.2,2427.6,2427.2,2427.333333
W,92,7,2426.8,2427.2,2427.6,2427.2
W,93,7,2428,2426.8,2426.4,2427.066667
W,94,7,2426,2426.8,2426.8,2426.533333
W,95,7,2428.4,2432,2438,2432.8
W,96,7,2442.4,2444.8,2445.2,2444.133333
W,97,7,2445.6,2445.2,2444.8,2445.2
W,98,7,2443.6,2442.4,2441.2,2442.4
W,99,7,2440.8,2441.2,2441.6,2441.2
W,100,7,2435.6,2434.8,2433.2,2434.533333
W,101,7,2431.6,2432.4,2434,2432.666667
W,102,7,2435.6,2435.2,2434.4,2435.066667
W,103,7,2433.6,2433.6,2438.8,2435.333333
W,104,7,2444,2448.8,2442.8,2445.2
W,105,7,2436.8,2432.4,2433.6,2434.266667
W,106,7,2434.8,2433.6,2432.8,2433.733333
W,107,7,2432,2433.2,2434,2433.066667
W,108,7,2434.8,2434.4,2433.2,2434.133333
W,109,7,2432.4,2432.4,2434,2432.933333
W,110,7,2434.4,2433.6,2430.8,2432.933333