Filter Type,Sample,surface,DN1,DN2,DN3
R,1,1,532,448,596
R,2,1,532,452,600
R,3,1,540,456,600
R,4,1,532,452,592
R,5,1,540,456,600
R,6,1,540,456,600
R,7,1,536,452,592
R,8,1,540,456,600
R,9,1,536,448,596
R,10,1,536,448,600
R,11,1,536,452,600
R,12,1,536,452,592
R,13,1,560,468,600
R,14,1,556,460,608
R,15,1,556,460,604
R,16,1,560,468,600
R,17,1,556,464,608
R,18,1,560,460,600
R,19,1,560,468,608
R,20,1,560,460,608
R,21,1,560,468,604
R,22,1,560,472,608
R,23,1,556,460,608
R,24,1,508,416,532
R,25,1,512,416,540
R,26,1,508,420,540
R,27,1,516,412,540
R,28,1,516,412,540
R,29,1,516,408,544
R,30,1,516,412,540
R,31,1,512,412,540
R,32,1,516,408,540
R,33,1,516,412,540
R,34,1,516,408,540
R,35,1,588,488,616
R,36,1,584,484,608
R,37,1,592,488,616
R,38,1,588,488,616
R,39,1,584,484,608
R,40,1,592,488,620
R,41,1,592,484,608
R,42,1,584,484,616
R,43,1,592,488,616
R,44,1,592,484,608
R,45,1,588,488,616
R,46,1,596,504,628
R,47,1,600,500,624
R,48,1,596,496,624
R,49,1,592,504,620
R,50,1,596,496,624
R,51,1,596,500,628
R,52,1,592,504,624
R,53,1,600,496,628
R,54,1,600,504,628
R,55,1,596,504,624
R,56,1,600,500,620
R,57,1,592,504,628
R,58,1,600,496,624
R,59,1,596,496,640
R,60,1,596,504,624
R,61,1,600,496,624
R,62,1,600,500,628
R,63,1,596,504,624
R,64,1,600,496,628
R,65,1,600,500,628
R,66,1,592,496,624
R,67,1,600,496,624
R,68,1,548,448,568
R,69,1,548,456,572
R,70,1,548,452,576
R,71,1,552,452,576
R,72,1,548,456,572
R,73,1,560,448,572
R,74,1,548,464,572
R,75,1,556,452,576
R,76,1,552,452,568
R,77,1,560,452,576
R,78,1,556,452,576
R,79,1,568,472,592
R,80,1,576,468,596
R,81,1,568,468,588
R,82,1,576,472,592
R,83,1,568,468,592
R,84,1,576,472,588
R,85,1,576,472,592
R,86,1,568,468,592
R,87,1,572,472,592
R,88,1,576,460,592
R,89,1,568,468,592
R,90,1,580,488,612
R,91,1,584,484,612
R,92,1,580,480,608
R,93,1,588,484,612
R,94,1,580,480,612
R,95,1,580,476,608
R,96,1,576,484,612
R,97,1,584,480,608
R,98,1,584,484,608
R,99,1,588,484,608
R,100,1,584,480,608
R,101,1,580,488,616
R,102,1,580,488,620
R,103,1,588,484,612
R,104,1,580,488,616
R,105,1,584,484,608
R,106,1,584,484,616
R,107,1,584,488,620
R,108,1,580,488,612
R,109,1,588,496,616
R,110,1,584,488,620
R,111,1,584,484,608
R,1,2,664,536,692
R,2,2,668,540,688
R,3,2,668,540,688
R,4,2,680,536,692
R,5,2,668,540,684
R,6,2,672,536,688
R,7,2,660,536,696
R,8,2,668,540,684
R,9,2,668,536,688
R,10,2,668,540,688
R,11,2,668,536,692
R,12,2,744,612,796
R,13,2,728,600,780
R,14,2,732,604,788
R,15,2,736,608,792
R,16,2,736,616,792
R,17,2,740,612,796
R,18,2,736,620,796
R,19,2,728,616,796
R,20,2,724,608,788
R,21,2,700,576,764
R,22,2,712,588,760
R,23,2,644,540,704
R,24,2,644,540,704
R,25,2,640,536,696
R,26,2,644,536,704
R,27,2,644,540,704
R,28,2,644,536,708
R,29,2,640,540,700
R,30,2,644,540,704
R,31,2,648,536,700
R,32,2,644,540,704
R,33,2,640,540,704
R,34,2,708,596,768
R,35,2,712,600,768
R,36,2,712,600,768
R,37,2,708,596,772
R,38,2,708,600,764
R,39,2,712,596,772
R,40,2,712,600,768
R,41,2,712,596,764
R,42,2,704,596,768
R,43,2,712,600,768
R,44,2,712,600,768
R,45,2,724,596,764
R,46,2,712,600,760
R,47,2,708,596,764
R,48,2,704,600,760
R,49,2,712,600,760
R,50,2,712,596,760
R,51,2,712,592,760
R,52,2,712,596,764
R,53,2,708,596,760
R,54,2,712,600,760
R,55,2,712,600,760
R,56,2,668,544,680
R,57,2,672,540,684
R,58,2,672,544,680
R,59,2,664,548,684
R,60,2,668,540,692
R,61,2,672,544,680
R,62,2,660,540,684
R,63,2,668,540,700
R,64,2,660,548,684
R,65,2,668,540,688
R,66,2,672,544,680
R,67,2,664,528,676
R,68,2,660,528,676
R,69,2,660,520,672
R,70,2,664,528,680
R,71,2,660,532,676
R,72,2,660,536,672
R,73,2,660,536,676
R,74,2,660,532,676
R,75,2,660,528,672
R,76,2,664,528,676
R,77,2,660,532,676
R,78,2,672,548,696
R,79,2,664,544,700
R,80,2,668,548,700
R,81,2,668,544,696
R,82,2,664,548,700
R,83,2,668,548,700
R,84,2,672,544,700
R,85,2,672,548,700
R,86,2,668,544,704
R,87,2,668,544,700
R,88,2,668,548,700
R,89,2,644,524,668
R,90,2,644,520,664
R,91,2,648,520,664
R,92,2,644,524,668
R,93,2,640,520,664
R,94,2,644,520,668
R,95,2,644,524,668
R,96,2,644,520,664
R,97,2,644,524,668
R,98,2,640,524,660
R,99,2,644,520,668
R,100,2,656,536,680
R,101,2,660,532,676
R,102,2,660,540,672
R,103,2,656,536,680
R,104,2,656,528,676
R,105,2,660,540,672
R,106,2,656,532,680
R,107,2,660,532,680
R,108,2,660,536,676
R,109,2,660,532,676
R,110,2,660,536,672
R,1,3,864,700,892
R,2,3,864,704,888
R,3,3,868,700,896
R,4,3,860,700,896
R,5,3,868,704,896
R,6,3,868,700,896
R,7,3,864,704,896
R,8,3,864,700,900
R,9,3,880,708,900
R,10,3,868,712,892
R,11,3,864,704,896
R,12,3,916,768,976
R,13,3,916,772,976
R,14,3,920,764,980
R,15,3,920,760,976
R,16,3,908,764,968
R,17,3,916,772,976
R,18,3,920,772,976
R,19,3,920,772,976
R,20,3,920,772,976
R,21,3,916,764,976
R,22,3,920,772,976
R,23,3,904,768,996
R,24,3,904,768,996
R,25,3,900,772,992
R,26,3,900,772,992
R,27,3,900,772,992
R,28,3,900,772,992
R,29,3,900,772,992
R,30,3,904,768,996
R,31,3,900,768,992
R,32,3,896,772,996
R,33,3,796,640,804
R,34,3,796,640,812
R,35,3,796,640,812
R,36,3,792,652,812
R,37,3,796,640,804
R,38,3,796,640,812
R,39,3,796,644,812
R,40,3,796,640,816
R,41,3,792,640,812
R,42,3,796,644,808
R,43,3,800,640,812
R,44,3,896,760,984
R,45,3,896,784,988
R,46,3,896,764,984
R,47,3,892,760,984
R,48,3,896,760,984
R,49,3,896,760,984
R,50,3,892,760,988
R,51,3,896,764,988
R,52,3,892,760,988
R,53,3,896,760,984
R,54,3,892,764,984
R,55,3,860,728,940
R,56,3,856,732,940
R,57,3,856,728,944
R,58,3,856,728,944
R,59,3,856,732,948
R,60,3,860,728,940
R,61,3,860,744,944
R,62,3,860,728,940
R,63,3,860,728,940
R,64,3,856,732,940
R,65,3,856,724,944
R,66,3,876,744,960
R,67,3,876,752,956
R,68,3,884,744,956
R,69,3,884,752,960
R,70,3,884,752,960
R,71,3,884,752,960
R,72,3,884,752,960
R,73,3,876,748,968
R,74,3,884,752,960
R,75,3,884,752,960
R,76,3,884,744,960
R,77,3,868,744,960
R,78,3,864,744,960
R,79,3,868,740,960
R,80,3,868,744,960
R,81,3,872,744,960
R,82,3,864,744,956
R,83,3,864,744,960
R,84,3,864,736,960
R,85,3,868,744,960
R,86,3,884,744,960
R,87,3,864,744,956
R,88,3,876,752,968
R,89,3,876,756,968
R,90,3,876,744,968
R,91,3,872,752,968
R,92,3,876,752,968
R,93,3,872,752,968
R,94,3,876,752,968
R,95,3,876,744,972
R,96,3,876,752,968
R,97,3,896,752,968
R,98,3,876,752,968
R,99,3,788,660,856
R,100,3,792,656,856
R,101,3,788,660,856
R,102,3,788,660,856
R,103,3,788,660,856
R,104,3,792,656,852
R,105,3,792,656,856
R,106,3,788,660,856
R,107,3,788,656,856
R,108,3,788,660,856
R,109,3,788,660,856
R,110,3,788,660,856
R,1,4,1224,1028,1320
R,2,4,1224,1028,1320
R,3,4,1228,1028,1320
R,4,4,1224,1028,1320
R,5,4,1224,1028,1320
R,6,4,1224,1028,1316
R,7,4,1224,1028,1320
R,8,4,1224,1028,1316
R,9,4,1216,1028,1320
R,10,4,1224,1028,1320
R,11,4,1224,1028,1324
R,12,4,1160,968,1276
R,13,4,1156,968,1280
R,14,4,1152,960,1260
R,15,4,1152,960,1256
R,16,4,1156,968,1272
R,17,4,1148,960,1268
R,18,4,1148,960,1260
R,19,4,1140,948,1256
R,20,4,1140,944,1252
R,21,4,1140,948,1252
R,22,4,1148,960,1256
R,23,4,1072,848,1132
R,24,4,1052,832,1112
R,25,4,1060,844,1140
R,26,4,1056,832,1112
R,27,4,1060,844,1152
R,28,4,1064,840,1140
R,29,4,1060,848,1144
R,30,4,1064,848,1132
R,31,4,1064,848,1124
R,32,4,1056,832,1112
R,33,4,1184,976,1280
R,34,4,1192,988,1284
R,35,4,1192,976,1284
R,36,4,1192,984,1288
R,37,4,1192,988,1288
R,38,4,1184,980,1276
R,39,4,1184,976,1284
R,40,4,1184,976,1280
R,41,4,1180,976,1280
R,42,4,1172,968,1260
R,43,4,1168,960,1260
R,44,4,1164,936,1272
R,45,4,1164,944,1280
R,46,4,1164,944,1276
R,47,4,1168,940,1268
R,48,4,1168,944,1268
R,49,4,1164,944,1280
R,50,4,1164,944,1272
R,51,4,1164,940,1276
R,52,4,1164,944,1280
R,53,4,1168,944,1276
R,54,4,1160,940,1280
R,55,4,1192,992,1224
R,56,4,1184,968,1224
R,57,4,1184,968,1224
R,58,4,1208,968,1224
R,59,4,1184,968,1228
R,60,4,1188,968,1228
R,61,4,1184,968,1228
R,62,4,1184,968,1224
R,63,4,1180,968,1216
R,64,4,1184,964,1216
R,65,4,1184,968,1220
R,66,4,1184,956,1208
R,67,4,1188,960,1208
R,68,4,1184,960,1208
R,69,4,1184,960,1216
R,70,4,1180,956,1216
R,71,4,1184,960,1216
R,72,4,1180,968,1220
R,73,4,1184,968,1212
R,74,4,1184,960,1208
R,75,4,1180,956,1208
R,76,4,1184,964,1212
R,77,4,1164,952,1212
R,78,4,1156,952,1200
R,79,4,1156,944,1212
R,80,4,1156,952,1200
R,81,4,1160,952,1204
R,82,4,1160,952,1200
R,83,4,1156,952,1204
R,84,4,1152,948,1204
R,85,4,1156,952,1200
R,86,4,1156,952,1208
R,87,4,1160,952,1208
R,88,4,1160,952,1224
R,89,4,1160,952,1228
R,90,4,1160,952,1228
R,91,4,1156,952,1228
R,92,4,1156,952,1228
R,93,4,1156,952,1224
R,94,4,1160,952,1228
R,95,4,1160,952,1224
R,96,4,1176,940,1220
R,97,4,1160,952,1228
R,98,4,1152,952,1228
R,99,4,1100,884,1144
R,100,4,1096,884,1140
R,101,4,1108,880,1140
R,102,4,1096,884,1140
R,103,4,1096,884,1140
R,104,4,1104,884,1140
R,105,4,1096,872,1132
R,106,4,1096,880,1132
R,107,4,1096,872,1132
R,108,4,1092,872,1124
R,109,4,1088,864,1120
R,110,4,1088,864,1120
R,1,5,1560,1304,1644
R,2,5,1564,1300,1648
R,3,5,1560,1304,1644
R,4,5,1552,1304,1648
R,5,5,1560,1304,1644
R,6,5,1560,1304,1644
R,7,5,1564,1328,1644
R,8,5,1560,1304,1644
R,9,5,1564,1304,1648
R,10,5,1560,1308,1644
R,11,5,1564,1304,1648
R,12,5,1488,1180,1512
R,13,5,1484,1188,1508
R,14,5,1484,1184,1516
R,15,5,1488,1184,1516
R,16,5,1492,1184,1512
R,17,5,1488,1184,1504
R,18,5,1484,1184,1508
R,19,5,1480,1184,1516
R,20,5,1488,1188,1512
R,21,5,1488,1184,1512
R,22,5,1488,1188,1512
R,23,5,1200,832,1284
R,24,5,1212,832,1284
R,25,5,1212,832,1288
R,26,5,1212,828,1284
R,27,5,1208,828,1288
R,28,5,1212,828,1288
R,29,5,1208,832,1288
R,30,5,1212,828,1284
R,31,5,1212,828,1284
R,32,5,1212,828,1284
R,33,5,1212,828,1284
R,34,5,1440,1172,1476
R,35,5,1440,1168,1476
R,36,5,1448,1172,1492
R,37,5,1444,1172,1480
R,38,5,1444,1168,1480
R,39,5,1444,1164,1476
R,40,5,1448,1168,1480
R,41,5,1448,1172,1480
R,42,5,1448,1172,1480
R,43,5,1444,1168,1480
R,44,5,1432,1160,1456
R,45,5,1436,1172,1496
R,46,5,1432,1172,1492
R,47,5,1436,1172,1496
R,48,5,1432,1176,1488
R,49,5,1440,1176,1500
R,50,5,1432,1176,1488
R,51,5,1436,1172,1500
R,52,5,1436,1176,1496
R,53,5,1436,1172,1492
R,54,5,1440,1176,1500
R,55,5,1436,1172,1492
R,56,5,1532,1280,1620
R,57,5,1536,1284,1624
R,58,5,1536,1280,1616
R,59,5,1536,1284,1624
R,60,5,1540,1280,1620
R,61,5,1536,1276,1612
R,62,5,1536,1280,1616
R,63,5,1540,1276,1616
R,64,5,1528,1280,1612
R,65,5,1532,1280,1616
R,66,5,1540,1276,1620
R,67,5,1544,1284,1632
R,68,5,1544,1284,1632
R,69,5,1544,1292,1636
R,70,5,1544,1288,1636
R,71,5,1540,1292,1640
R,72,5,1544,1296,1636
R,73,5,1548,1292,1640
R,74,5,1544,1296,1636
R,75,5,1572,1296,1636
R,76,5,1536,1288,1636
R,77,5,1540,1288,1628
R,78,5,1528,1272,1620
R,79,5,1536,1280,1616
R,80,5,1540,1284,1620
R,81,5,1528,1276,1616
R,82,5,1528,1284,1620
R,83,5,1524,1268,1616
R,84,5,1528,1272,1612
R,85,5,1520,1280,1616
R,86,5,1524,1272,1616
R,87,5,1528,1276,1620
R,88,5,1528,1268,1612
R,89,5,1520,1264,1612
R,90,5,1516,1272,1608
R,91,5,1520,1264,1612
R,92,5,1516,1268,1612
R,93,5,1520,1268,1608
R,94,5,1520,1268,1612
R,95,5,1516,1268,1608
R,96,5,1520,1296,1612
R,97,5,1520,1268,1612
R,98,5,1508,1264,1600
R,99,5,1516,1260,1612
R,100,5,1564,1296,1644
R,101,5,1560,1296,1644
R,102,5,1564,1296,1648
R,103,5,1560,1296,1644
R,104,5,1560,1296,1692
R,105,5,1564,1296,1644
R,106,5,1560,1296,1644
R,107,5,1560,1292,1648
R,108,5,1560,1296,1644
R,109,5,1564,1292,1648
R,110,5,1560,1296,1644
R,1,6,2040,1740,2212
R,2,6,2040,1740,2212
R,3,6,2040,1740,2220
R,4,6,2040,1740,2212
R,5,6,2040,1748,2200
R,6,6,2040,1740,2212
R,7,6,2040,1740,2212
R,8,6,2040,1748,2204
R,9,6,2040,1740,2212
R,10,6,2040,1748,2200
R,11,6,2040,1748,2204
R,12,6,1904,1548,2016
R,13,6,1904,1548,2016
R,14,6,1904,1552,2016
R,15,6,1908,1548,2016
R,16,6,1904,1552,2016
R,17,6,1908,1548,2016
R,18,6,1904,1552,2016
R,19,6,1904,1548,2016
R,20,6,1908,1552,2016
R,21,6,1908,1548,2016
R,22,6,1908,1552,2016
R,23,6,1888,1576,1988
R,24,6,1888,1576,1980
R,25,6,1888,1576,1992
R,26,6,1888,1576,1988
R,27,6,1888,1576,2024
R,28,6,1884,1572,1980
R,29,6,1888,1576,1980
R,30,6,1888,1572,1988
R,31,6,1888,1576,1980
R,32,6,1888,1572,1980
R,33,6,1888,1572,1980
R,34,6,1776,1380,1892
R,35,6,1776,1376,1932
R,36,6,1780,1376,1900
R,37,6,1776,1380,1900
R,38,6,1776,1380,1900
R,39,6,1776,1376,1900
R,40,6,1776,1380,1900
R,41,6,1776,1380,1896
R,42,6,1776,1376,1904
R,43,6,1776,1380,1904
R,44,6,1784,1376,1904
R,45,6,1620,1208,1852
R,46,6,1624,1208,1852
R,47,6,1620,1212,1848
R,48,6,1620,1208,1848
R,49,6,1620,1208,1852
R,50,6,1620,1208,1852
R,51,6,1624,1208,1852
R,52,6,1620,1208,1852
R,53,6,1624,1204,1856
R,54,6,1620,1208,1852
R,55,6,1624,1208,1852
R,56,6,1908,1572,1988
R,57,6,1904,1568,1988
R,58,6,1908,1576,1988
R,59,6,1908,1568,1988
R,60,6,1896,1572,1988
R,61,6,1908,1568,1988
R,62,6,1904,1576,1988
R,63,6,1908,1576,1992
R,64,6,1896,1572,1988
R,65,6,1896,1568,1988
R,66,6,1908,1572,1988
R,67,6,1912,1568,2004
R,68,6,1916,1560,2008
R,69,6,1916,1564,2004
R,70,6,1916,1560,2008
R,71,6,1912,1568,2004
R,72,6,1916,1560,2008
R,73,6,1912,1568,2004
R,74,6,1916,1568,2004
R,75,6,1912,1560,2004
R,76,6,1916,1568,2004
R,77,6,1920,1572,2012
R,78,6,1796,1500,1892
R,79,6,1804,1492,1892
R,80,6,1796,1496,1896
R,81,6,1800,1492,1896
R,82,6,1804,1496,1896
R,83,6,1804,1500,1896
R,84,6,1800,1500,1892
R,85,6,1804,1500,1896
R,86,6,1804,1496,1896
R,87,6,1800,1500,1896
R,88,6,1800,1496,1900
R,89,6,1692,1420,1784
R,90,6,1700,1424,1784
R,91,6,1692,1420,1784
R,92,6,1700,1416,1784
R,93,6,1700,1420,1788
R,94,6,1696,1416,1784
R,95,6,1700,1420,1780
R,96,6,1692,1416,1784
R,97,6,1700,1416,1784
R,98,6,1692,1420,1784
R,99,6,1692,1420,1784
R,100,6,1472,1252,1564
R,101,6,1468,1252,1568
R,102,6,1468,1252,1560
R,103,6,1468,1252,1564
R,104,6,1468,1244,1568
R,105,6,1468,1252,1568
R,106,6,1468,1248,1560
R,107,6,1468,1244,1568
R,108,6,1468,1244,1564
R,109,6,1468,1244,1568
R,110,6,1460,1244,1568
R,1,7,2944,2460,3156
R,2,7,2944,2464,3156
R,3,7,2944,2468,3156
R,4,7,2944,2460,3152
R,5,7,2940,2464,3156
R,6,7,2944,2460,3152
R,7,7,2940,2468,3156
R,8,7,2940,2464,3152
R,9,7,2944,2468,3156
R,10,7,2944,2460,3156
R,11,7,2944,2460,3156
R,12,7,2772,2392,2992
R,13,7,2772,2396,2988
R,14,7,2768,2400,2992
R,15,7,2764,2396,2992
R,16,7,2768,2400,2992
R,17,7,2772,2396,2992
R,18,7,2772,2400,2992
R,19,7,2776,2396,2992
R,20,7,2768,2400,2992
R,21,7,2768,2396,2992
R,22,7,2772,2392,2984
R,23,7,2824,2348,3052
R,24,7,2824,2344,3048
R,25,7,2824,2348,3048
R,26,7,2824,2348,3052
R,27,7,2820,2352,3052
R,28,7,2824,2356,3052
R,29,7,2824,2348,3052
R,30,7,2824,2348,3052
R,31,7,2824,2348,3052
R,32,7,2824,2348,3052
R,33,7,2752,2328,3060
R,34,7,2756,2320,3060
R,35,7,2756,2328,3060
R,36,7,2756,2332,3068
R,37,7,2756,2336,3072
R,38,7,2756,2340,3068
R,39,7,2756,2384,3068
R,40,7,2756,2340,3068
R,41,7,2756,2340,3068
R,42,7,2764,2348,3076
R,43,7,2760,2348,3076
R,44,7,2832,2372,3060
R,45,7,2832,2376,3060
R,46,7,2832,2372,3060
R,47,7,2828,2372,3060
R,48,7,2876,2376,3060
R,49,7,2832,2376,3060
R,50,7,2828,2372,3060
R,51,7,2828,2376,3060
R,52,7,2824,2416,3060
R,53,7,2832,2376,3056
R,54,7,2828,2372,3060
R,55,7,2804,2340,3036
R,56,7,2808,2336,3036
R,57,7,2804,2340,3036
R,58,7,2800,2340,3036
R,59,7,2804,2340,3028
R,60,7,2804,2332,3024
R,61,7,2804,2332,3084
R,62,7,2808,2332,3024
R,63,7,2808,2336,3028
R,64,7,2804,2332,3024
R,65,7,2804,2328,3028
R,66,7,2788,2340,3000
R,67,7,2788,2336,3000
R,68,7,2788,2332,3000
R,69,7,2784,2336,2996
R,70,7,2788,2332,2996
R,71,7,2784,2336,3000
R,72,7,2788,2340,3000
R,73,7,2780,2336,2996
R,74,7,2776,2328,3000
R,75,7,2780,2328,3000
R,76,7,2788,2332,3000
R,77,7,2800,2380,3008
R,78,7,2796,2372,3008
R,79,7,2800,2368,2996
R,80,7,2800,2372,3000
R,81,7,2796,2368,3000
R,82,7,2796,2372,3000
R,83,7,2844,2368,2996
R,84,7,2820,2428,3044
R,85,7,2816,2404,3024
R,86,7,2812,2412,3024
R,87,7,2820,2400,3024
R,88,7,2820,2400,3024
R,89,7,2764,2348,2976
R,90,7,2760,2348,2976
R,91,7,2764,2348,2980
R,92,7,2764,2348,2976
R,93,7,2764,2356,2972
R,94,7,2764,2348,2976
R,95,7,2764,2352,2972
R,96,7,2780,2376,2992
R,97,7,2780,2380,2992
R,98,7,2780,2376,2992
R,99,7,2780,2376,2992
R,100,7,2788,2328,2988
R,101,7,2788,2340,2992
R,102,7,2788,2332,2992
R,103,7,2788,2332,3044
R,104,7,2788,2328,2988
R,105,7,2788,2340,2988
R,106,7,2788,2328,2992
R,107,7,2788,2336,2992
R,108,7,2788,2332,2984
R,109,7,2792,2336,2992
R,110,7,2784,2328,2980
L,1,1,260.26,219.78,290.98
L,2,1,314.6,266.22,352.78
L,3,1,359.68,304.18,402.22
L,4,1,394.15,333.74,440.18
L,5,1,423.32,358.19,472.14
L,6,1,446.65,377.75,497.72
L,7,1,464.52,392.6,516.57
L,8,1,479.62,405.28,533.26
L,9,1,490.89,413.83,545.81
L,10,1,499.92,420.66,556.64
L,11,1,507.13,426.93,565.32
L,12,1,559.76,465.58,604.09
L,13,1,559.01,464.47,604.87
L,14,1,558.4,463.57,604.7
L,15,1,558.72,464.46,603.76
L,16,1,558.18,464.37,604.61
L,17,1,558.54,463.49,603.68
L,18,1,558.83,464.4,604.55
L,19,1,559.07,463.52,605.24
L,20,1,559.25,464.41,604.99
L,21,1,559.4,465.93,605.59
L,22,1,558.72,464.74,606.07
L,23,1,581.06,479.86,611.59
L,24,1,568.05,467.89,594.87
L,25,1,556.04,457.51,583.1
L,26,1,546.43,449.21,572.88
L,27,1,539.55,442.57,566.3
L,28,1,533.24,438.05,561.04
L,29,1,529.79,432.84,556.83
L,30,1,527.03,428.67,553.47
L,31,1,524.83,424.54,551.57
L,32,1,523.06,422.03,549.26
L,33,1,520.85,420.03,547.41
L,34,1,587.48,488.8,615.31
L,35,1,586.79,487.84,613.85
L,36,1,587.83,487.87,614.28
L,37,1,587.86,487.9,614.62
L,38,1,587.09,487.12,613.3
L,39,1,588.07,487.29,614.64
L,40,1,588.86,486.63,613.31
L,41,1,587.89,486.11,613.85
L,42,1,588.71,486.49,614.28
L,43,1,589.37,485.99,613.02
L,44,1,589.09,486.39,613.62
L,45,1,596.7,500.4,626.8
L,46,1,597.36,500.32,626.24
L,47,1,597.09,499.46,625.79
L,48,1,596.07,500.37,624.63
L,49,1,596.06,499.49,624.51
L,50,1,596.05,499.59,625.21
L,51,1,595.24,500.48,624.96
L,52,1,596.19,499.58,625.57
L,53,1,596.95,500.46,626.06
L,54,1,596.76,501.17,625.65
L,55,1,597.41,500.94,624.52
L,56,1,595.87,501.34,626.34
L,57,1,596.69,500.27,625.87
L,58,1,596.56,499.42,628.7
L,59,1,596.44,500.33,627.76
L,60,1,597.16,499.47,627.01
L,61,1,597.72,499.57,627.2
L,62,1,597.38,500.46,626.5
L,63,1,597.9,499.57,626.85
L,64,1,598.32,499.65,627.08
L,65,1,597.06,498.92,626.46
L,66,1,597.65,498.34,625.97
L,67,1,548.77,450.97,572.43
L,68,1,548.62,451.98,572.34
L,69,1,548.49,451.98,573.08
L,70,1,549.19,451.99,573.66
L,71,1,548.96,452.79,573.33
L,72,1,551.16,451.83,573.06
L,73,1,550.53,454.26,572.85
L,74,1,551.63,453.81,573.48
L,75,1,551.7,453.45,572.38
L,76,1,553.36,453.16,573.11
L,77,1,553.89,452.93,573.69
L,78,1,567.14,469.47,593.46
L,79,1,568.91,469.18,593.97
L,80,1,568.73,468.94,592.77
L,81,1,570.18,469.55,592.62
L,82,1,569.75,469.24,592.5
L,83,1,571,469.79,591.6
L,84,1,572,470.24,591.68
L,85,1,571.2,469.79,591.74
L,86,1,571.36,470.23,591.79
L,87,1,572.29,468.18,592.63
L,88,1,571.43,468.15,592.51
L,89,1,580.47,482.57,609.32
L,90,1,581.18,482.85,609.86
L,91,1,580.94,482.28,609.48
L,92,1,582.35,482.63,609.99
L,93,1,581.88,482.1,610.39
L,94,1,581.51,480.88,609.91
L,95,1,580.41,481.5,610.3
L,96,1,581.12,481.2,609.86
L,97,1,581.7,481.76,609.49
L,98,1,582.96,482.21,609.19
L,99,1,583.17,481.77,608.95
L,100,1,578.47,484.77,609.54
L,101,1,578.78,485.42,611.63
L,102,1,580.62,485.13,611.71
L,103,1,580.5,485.71,612.57
L,104,1,581.2,485.36,611.65
L,105,1,581.76,485.09,612.52
L,106,1,582.21,485.67,614.02
L,107,1,581.77,486.14,613.61
L,108,1,583.01,488.11,614.09
L,109,1,583.21,488.09,615.27
L,110,1,583.37,487.27,613.82
L,1,2,665.67,537.49,691.1
L,2,2,665.67,537.49,691.1
L,3,2,666.14,538,690.48
L,4,2,668.91,537.6,690.79
L,5,2,668.73,538.08,689.43
L,6,2,669.38,537.66,689.14
L,7,2,667.51,537.33,690.51
L,8,2,667.6,537.86,689.21
L,9,2,667.68,537.49,688.97
L,10,2,667.75,537.99,688.78
L,11,2,667.8,537.59,689.42
L,12,2,729.18,605.57,779.34
L,13,2,722.27,600.75,779.79
L,14,2,731.04,610.93,789.93
L,15,2,732.8,611.66,790.41
L,16,2,734,610.58,789.01
L,17,2,733.5,608.22,787.26
L,18,2,731.88,607.27,785.08
L,19,2,730.85,605.09,783.34
L,20,2,729.56,604.37,781.18
L,21,2,728.95,604.46,779.47
L,22,2,729.18,605.57,779.34
L,23,2,649.24,545.38,706.97
L,24,2,643.81,539.5,703.47
L,25,2,644.77,539.38,703.34
L,26,2,644.96,539.22,703.18
L,27,2,644.2,540.03,703.97
L,28,2,644.25,540.03,703.96
L,29,2,645.31,540.04,704.95
L,30,2,645.63,541.05,704.19
L,31,2,646.04,541.31,704.24
L,32,2,646.55,542.64,704.3
L,33,2,646.55,542.64,704.3
L,34,2,706.45,598.47,765.72
L,35,2,707.56,598.77,766.18
L,36,2,708.45,599.02,766.54
L,37,2,708.36,598.41,767.64
L,38,2,708.29,598.73,766.91
L,39,2,709.03,598.19,767.93
L,40,2,709.62,598.55,767.94
L,41,2,710.1,598.04,767.15
L,42,2,708.88,597.63,767.32
L,43,2,709.5,598.1,767.46
L,44,2,710,598.48,767.57
L,45,2,712.44,595.52,762.53
L,46,2,712.35,596.42,762.02
L,47,2,711.48,596.33,762.42
L,48,2,709.98,597.07,761.93
L,49,2,710.39,597.65,761.55
L,50,2,710.71,597.32,761.24
L,51,2,710.97,596.26,760.99
L,52,2,711.17,596.21,761.59
L,53,2,710.54,596.17,761.27
L,54,2,710.83,596.93,761.02
L,55,2,711.07,597.55,760.82
L,56,2,666.77,542.82,683.54
L,57,2,667.81,542.26,683.63
L,58,2,668.65,542.6,682.9
L,59,2,667.72,543.68,683.12
L,60,2,667.78,542.95,684.9
L,61,2,668.62,543.16,683.92
L,62,2,666.9,542.53,683.93
L,63,2,667.12,542.02,687.15
L,64,2,666.16,542.57,686.81
L,65,2,667.32,542.86,685.45
L,66,2,665.86,543.09,685.96
L,67,2,661.24,530.12,674.94
L,68,2,660.99,529.7,675.15
L,69,2,660.8,527.76,674.52
L,70,2,661.44,527.81,675.62
L,71,2,661.15,528.65,675.69
L,72,2,660.92,530.12,674.95
L,73,2,660.74,531.29,675.16
L,74,2,660.59,531.43,675.33
L,75,2,660.47,530.75,674.66
L,76,2,661.18,530.2,674.93
L,77,2,660.94,530.56,675.15
L,78,2,652.72,534.25,682.85
L,79,2,654.98,536.2,686.28
L,80,2,657.58,538.56,689.02
L,81,2,659.67,539.65,690.42
L,82,2,660.53,541.32,692.34
L,83,2,662.03,542.65,693.87
L,84,2,664.02,542.92,695.1
L,85,2,665.62,543.94,696.08
L,86,2,666.09,543.95,697.66
L,87,2,666.47,543.96,698.13
L,88,2,666.78,544.77,698.5
L,89,2,642.56,521.56,666.67
L,90,2,642.85,521.25,666.13
L,91,2,643.88,521,665.71
L,92,2,643.9,521.6,666.17
L,93,2,643.12,521.28,665.73
L,94,2,643.3,521.02,666.19
L,95,2,643.44,521.62,666.55
L,96,2,643.55,521.29,666.04
L,97,2,643.64,521.84,666.43
L,98,2,642.91,522.27,665.15
L,99,2,643.13,521.81,665.72
L,100,2,657.23,529.74,675.48
L,101,2,657.78,530.19,675.59
L,102,2,658.23,532.15,674.87
L,103,2,657.78,532.92,675.9
L,104,2,657.43,531.94,675.92
L,105,2,657.94,533.55,675.13
L,106,2,657.55,533.24,676.11
L,107,2,658.04,532.99,676.89
L,108,2,658.43,533.59,676.71
L,109,2,658.75,533.27,676.57
L,110,2,659,533.82,675.65
L,1,3,857.63,698.64,886.37
L,2,3,856.03,698.3,884.96
L,3,3,857.63,698.64,886.37
L,4,3,858.9,699.71,886.7
L,5,3,860.58,699.81,890.05
L,6,3,862.06,700.65,891.24
L,7,3,863.25,700.52,892.19
L,8,3,863.4,701.22,892.95
L,9,3,863.52,700.97,894.36
L,10,3,866.82,702.38,895.49
L,11,3,867.05,704.3,894.79
L,12,3,917.54,769.45,975.53
L,13,3,917.23,769.96,975.62
L,14,3,917.78,768.77,976.5
L,15,3,918.23,767.02,976.4
L,16,3,916.18,766.41,974.72
L,17,3,916.15,767.53,974.98
L,18,3,916.92,768.42,975.18
L,19,3,916.94,769.73,974.85
L,20,3,916.75,768.59,975.08
L,21,3,917.4,769.27,975.26
L,22,3,917.92,769.81,975.41
L,23,3,902.8,769.47,994.41
L,24,3,903.04,769.17,994.73
L,25,3,902.43,769.74,994.18
L,26,3,901.95,770.19,993.75
L,27,3,901.56,770.55,993.4
L,28,3,901.25,770.84,993.12
L,29,3,901,771.07,992.89
L,30,3,901.6,770.46,993.52
L,31,3,901.28,769.97,993.21
L,32,3,900.22,770.37,993.77
L,33,3,900.22,770.37,993.77
L,34,3,789.9,639.34,803.83
L,35,3,791.12,639.47,805.47
L,36,3,792.1,639.58,806.77
L,37,3,792.08,642.06,807.82
L,38,3,792.86,641.65,807.06
L,39,3,793.49,641.32,808.04
L,40,3,793.99,641.86,808.84
L,41,3,794.39,641.49,810.27
L,42,3,793.91,641.19,810.61
L,43,3,794.33,641.75,810.09
L,44,3,795.47,641.4,810.47
L,45,3,880.92,749.54,966.88
L,46,3,883.94,756.43,971.1
L,47,3,886.35,757.95,973.68
L,48,3,887.48,758.36,975.75
L,49,3,889.18,758.69,977.4
L,50,3,890.55,758.95,978.72
L,51,3,890.84,759.16,980.57
L,52,3,891.87,760.13,982.06
L,53,3,891.9,760.1,983.25
L,54,3,892.72,760.08,983.4
L,55,3,892.57,760.87,983.52
L,56,3,858.03,728.04,941.07
L,57,3,857.63,728.83,940.86
L,58,3,857.3,728.66,941.49
L,59,3,857.04,728.53,941.99
L,60,3,856.83,729.22,943.19
L,61,3,857.47,728.98,942.55
L,62,3,857.97,731.98,942.84
L,63,3,858.38,731.19,942.27
L,64,3,858.7,730.55,941.82
L,65,3,858.16,730.84,941.46
L,66,3,857.73,729.47,941.96
L,67,3,879,745.82,958.46
L,68,3,878.4,747.06,957.97
L,69,3,879.52,746.45,957.58
L,70,3,880.42,747.56,958.06
L,71,3,881.13,748.45,958.45
L,72,3,881.71,749.16,958.76
L,73,3,882.17,749.73,959.01
L,74,3,880.93,749.38,960.81
L,75,3,881.55,749.9,960.64
L,76,3,882.04,750.32,960.52
L,77,3,882.43,749.06,960.41
L,78,3,879,745.82,958.46
L,79,3,878.4,747.06,957.97
L,80,3,879.52,746.45,957.58
L,81,3,880.42,747.56,958.06
L,82,3,881.13,748.45,958.45
L,83,3,881.71,749.16,958.76
L,84,3,882.17,749.73,959.01
L,85,3,880.93,749.38,960.81
L,86,3,881.55,749.9,960.64
L,87,3,882.04,750.32,960.52
L,88,3,882.43,749.06,960.41
L,89,3,875.11,751.94,968.61
L,90,3,875.29,752.75,968.48
L,91,3,875.43,751,968.39
L,92,3,874.75,751.2,968.31
L,93,3,875,751.36,968.25
L,94,3,874.4,751.49,968.2
L,95,3,874.72,751.59,968.16
L,96,3,874.97,750.07,968.93
L,97,3,875.18,750.46,968.74
L,98,3,879.34,750.77,968.59
L,99,3,878.68,751.01,968.47
L,100,3,789.34,659.08,855.68
L,101,3,789.87,658.47,855.74
L,102,3,789.5,658.77,855.8
L,103,3,789.2,659.02,855.84
L,104,3,788.96,659.21,855.87
L,105,3,789.57,658.57,855.1
L,106,3,790.05,658.06,855.28
L,107,3,789.64,658.45,855.42
L,108,3,789.31,657.96,855.54
L,109,3,789.05,658.37,855.63
L,110,3,788.84,658.69,855.7
L,1,4,1224.43,1027.79,1318.47
L,2,4,1224.34,1027.83,1318.78
L,3,4,1225.08,1027.87,1319.02
L,4,4,1224.86,1027.89,1319.22
L,5,4,1224.69,1027.92,1319.38
L,6,4,1224.55,1027.93,1318.7
L,7,4,1224.44,1027.95,1318.96
L,8,4,1224.35,1027.96,1318.37
L,9,4,1222.68,1027.97,1318.69
L,10,4,1222.95,1027.97,1318.96
L,11,4,1223.16,1027.98,1319.96
L,12,4,1158.46,971.32,1281.98
L,13,4,1157.96,970.66,1281.58
L,14,4,1156.77,968.52,1277.27
L,15,4,1155.82,966.82,1273.01
L,16,4,1155.85,967.06,1272.81
L,17,4,1154.28,965.64,1271.85
L,18,4,1153.03,964.52,1269.48
L,19,4,1150.42,961.21,1266.78
L,20,4,1148.34,957.77,1263.83
L,21,4,1146.67,955.82,1261.46
L,22,4,1146.94,956.65,1260.37
L,23,4,1067.96,850.18,1133.68
L,24,4,1064.77,846.54,1129.35
L,25,4,1063.82,846.03,1131.48
L,26,4,1062.25,843.23,1127.58
L,27,4,1061.8,843.38,1132.47
L,28,4,1062.24,842.71,1133.97
L,29,4,1061.79,843.76,1135.98
L,30,4,1062.24,844.61,1135.18
L,31,4,1062.59,845.29,1132.95
L,32,4,1061.27,842.63,1128.76
L,33,4,1061.27,842.63,1128.76
L,34,4,1182.97,976.62,1278.04
L,35,4,1184.78,978.9,1279.23
L,36,4,1186.22,978.32,1280.19
L,37,4,1187.38,979.45,1281.75
L,38,4,1188.3,981.16,1283
L,39,4,1187.44,980.93,1281.6
L,40,4,1186.75,979.94,1282.08
L,41,4,1186.2,979.16,1281.66
L,42,4,1184.96,978.52,1281.33
L,43,4,1182.37,976.42,1277.06
L,44,4,1179.5,973.14,1273.65
L,45,4,1161.59,937.68,1269.61
L,46,4,1162.07,938.95,1271.69
L,47,4,1162.46,939.96,1272.55
L,48,4,1163.57,939.97,1271.64
L,49,4,1164.45,940.77,1270.91
L,50,4,1164.36,941.42,1272.73
L,51,4,1164.29,941.93,1272.58
L,52,4,1164.23,941.55,1273.27
L,53,4,1164.19,942.04,1274.61
L,54,4,1164.95,942.43,1274.89
L,55,4,1163.96,941.94,1275.91
L,56,4,1191.28,979.05,1231.06
L,57,4,1189.83,976.84,1229.65
L,58,4,1188.66,975.07,1228.52
L,59,4,1192.53,973.66,1227.61
L,60,4,1190.82,972.53,1227.69
L,61,4,1190.26,971.62,1227.75
L,62,4,1189.01,970.9,1227.8
L,63,4,1188.01,970.32,1227.04
L,64,4,1186.4,969.85,1224.83
L,65,4,1185.92,968.68,1223.07
L,66,4,1185.54,968.55,1222.45
L,67,4,1183.76,962.45,1214.25
L,68,4,1184.6,961.96,1213
L,69,4,1184.48,961.57,1212
L,70,4,1184.39,961.25,1212.8
L,71,4,1183.51,960.2,1213.44
L,72,4,1183.61,960.16,1213.95
L,73,4,1182.89,961.73,1215.16
L,74,4,1183.11,962.98,1214.53
L,75,4,1183.29,962.39,1213.22
L,76,4,1182.63,961.11,1212.18
L,77,4,1182.9,961.69,1212.14
L,78,4,1150.65,943.93,1199.15
L,79,4,1151.72,945.54,1199.32
L,80,4,1152.58,945.23,1201.86
L,81,4,1153.26,946.59,1201.49
L,82,4,1154.61,947.67,1201.99
L,83,4,1155.69,948.54,1201.59
L,84,4,1155.75,949.23,1202.07
L,85,4,1155,948.98,1202.46
L,86,4,1155.2,949.59,1201.97
L,87,4,1155.36,950.07,1203.17
L,88,4,1156.29,950.46,1204.14
L,89,4,1154.11,948.32,1222.11
L,90,4,1155.29,949.06,1223.29
L,91,4,1156.23,949.64,1224.23
L,92,4,1156.19,950.12,1224.98
L,93,4,1156.15,950.49,1225.59
L,94,4,1156.12,950.79,1225.27
L,95,4,1156.9,951.04,1225.82
L,96,4,1157.52,951.23,1225.45
L,97,4,1161.21,948.98,1224.36
L,98,4,1160.97,949.59,1225.09
L,99,4,1159.18,950.07,1225.67
L,100,4,1117.11,899.48,1159.43
L,101,4,1112.89,896.39,1155.54
L,102,4,1111.91,893.11,1152.43
L,103,4,1108.73,891.29,1149.95
L,104,4,1106.18,889.83,1147.96
L,105,4,1105.75,888.66,1146.37
L,106,4,1103.8,885.33,1143.49
L,107,4,1102.24,884.26,1141.19
L,108,4,1100.99,881.81,1139.36
L,109,4,1099.19,879.85,1136.28
L,110,4,1096.95,876.68,1133.03
L,1,5,1560.49,1303.82,1645.22
L,2,5,1561.19,1303.06,1645.77
L,3,5,1560.95,1303.25,1645.42
L,4,5,1559.16,1303.4,1645.94
L,5,5,1559.33,1303.52,1645.55
L,6,5,1559.46,1303.61,1645.24
L,7,5,1560.37,1308.49,1644.99
L,8,5,1560.3,1307.59,1644.79
L,9,5,1561.04,1306.87,1645.43
L,10,5,1560.83,1307.1,1645.15
L,11,5,1561.46,1306.48,1645.72
L,12,5,1486.92,1182.53,1511.67
L,13,5,1486.33,1183.62,1510.94
L,14,5,1485.87,1183.7,1511.95
L,15,5,1486.29,1183.76,1512.76
L,16,5,1487.44,1183.81,1512.61
L,17,5,1487.55,1183.85,1510.89
L,18,5,1486.84,1183.88,1510.31
L,19,5,1485.47,1183.9,1511.45
L,20,5,1485.98,1184.72,1511.56
L,21,5,1486.38,1184.58,1511.65
L,22,5,1486.71,1185.26,1511.72
L,23,5,1203.22,829.55,1282.88
L,24,5,1204.97,830.04,1283.11
L,25,5,1206.38,830.43,1284.09
L,26,5,1207.5,829.95,1284.07
L,27,5,1207.6,829.56,1284.85
L,28,5,1208.48,829.25,1285.48
L,29,5,1208.39,829.8,1285.99
L,30,5,1209.11,829.44,1285.59
L,31,5,1209.69,829.15,1285.27
L,32,5,1210.15,828.92,1285.02
L,33,5,1442.74,1169.32,1476.64
L,34,5,1442.2,1169.06,1476.51
L,35,5,1443.36,1169.65,1479.61
L,36,5,1443.49,1170.12,1479.69
L,37,5,1443.59,1169.69,1479.75
L,38,5,1443.67,1168.56,1479
L,39,5,1444.54,1168.44,1479.2
L,40,5,1445.23,1169.16,1479.36
L,41,5,1445.78,1169.72,1479.49
L,42,5,1445.43,1169.38,1479.59
L,43,5,1442.74,1167.5,1474.87
L,44,5,1442.74,1169.32,1476.64
L,45,5,1442.2,1169.06,1476.51
L,46,5,1442.2,1169.06,1476.51
L,47,5,1443.36,1169.65,1479.61
L,48,5,1443.49,1170.12,1479.69
L,49,5,1443.59,1169.69,1479.75
L,50,5,1443.67,1168.56,1479
L,51,5,1444.54,1168.44,1479.2
L,52,5,1445.23,1169.16,1479.36
L,53,5,1445.78,1169.72,1479.49
L,54,5,1445.43,1169.38,1479.59
L,55,5,1442.74,1167.5,1474.87
L,56,5,1533.15,1276.02,1616.14
L,57,5,1533.72,1277.62,1617.71
L,58,5,1534.17,1278.09,1617.37
L,59,5,1534.54,1279.28,1618.7
L,60,5,1535.63,1279.42,1618.96
L,61,5,1535.7,1278.74,1617.57
L,62,5,1535.76,1278.99,1617.25
L,63,5,1536.61,1278.39,1617
L,64,5,1534.89,1278.71,1616
L,65,5,1534.31,1278.97,1616
L,66,5,1535.45,1278.38,1616.8
L,67,5,1526.23,1276.05,1617.41
L,68,5,1529.78,1277.64,1620.33
L,69,5,1532.63,1280.51,1623.46
L,70,5,1534.9,1282.01,1625.97
L,71,5,1535.92,1284.01,1628.78
L,72,5,1537.54,1286.41,1630.22
L,73,5,1539.63,1287.52,1632.18
L,74,5,1540.5,1289.22,1632.94
L,75,5,1546.8,1290.58,1633.55
L,76,5,1544.64,1290.06,1634.04
L,77,5,1543.71,1289.65,1632.83
L,78,5,1525.7,1272.28,1616.96
L,79,5,1527.76,1273.82,1616.77
L,80,5,1530.21,1275.86,1617.42
L,81,5,1529.77,1275.89,1617.13
L,82,5,1529.41,1277.51,1617.71
L,83,5,1528.33,1275.61,1617.37
L,84,5,1528.27,1274.89,1616.29
L,85,5,1526.61,1275.91,1616.23
L,86,5,1526.09,1275.13,1616.19
L,87,5,1526.47,1275.3,1616.95
L,88,5,1526.78,1273.84,1615.96
L,89,5,1513.95,1264,1606.75
L,90,5,1514.36,1265.6,1607
L,91,5,1515.49,1265.28,1608
L,92,5,1515.59,1265.82,1608.8
L,93,5,1516.47,1266.26,1608.64
L,94,5,1517.18,1266.61,1609.31
L,95,5,1516.94,1266.89,1609.05
L,96,5,1517.55,1272.71,1609.64
L,97,5,1518.04,1271.77,1610.11
L,98,5,1516.03,1270.21,1608.09
L,99,5,1516.03,1268.17,1608.87
L,100,5,1560.6,1296.65,1644.82
L,101,5,1560.48,1296.52,1644.66
L,102,5,1561.18,1296.41,1645.33
L,103,5,1560.95,1296.33,1645.06
L,104,5,1560.76,1296.27,1654.45
L,105,5,1561.41,1296.21,1652.36
L,106,5,1561.13,1296.17,1650.69
L,107,5,1560.9,1295.34,1650.15
L,108,5,1560.72,1295.47,1648.92
L,109,5,1561.38,1294.78,1648.74
L,110,5,1561.1,1295.02,1647.79
L,1,6,2040.21,1740.36,2213.03
L,2,6,2040.17,1740.29,2212.83
L,3,6,2040.13,1740.23,2214.26
L,4,6,2040.11,1740.18,2213.81
L,5,6,2040.08,1741.75,2211.05
L,6,6,2040.07,1741.4,2211.24
L,7,6,2040.05,1741.12,2211.39
L,8,6,2040.04,1742.49,2209.91
L,9,6,2040.03,1742,2210.33
L,10,6,2040.03,1743.2,2208.26
L,11,6,2040.02,1744.16,2207.41
L,12,6,1904.05,1548.98,2014.3
L,13,6,1904.04,1548.78,2014.64
L,14,6,1904.03,1549.43,2014.91
L,15,6,1904.82,1549.14,2015.13
L,16,6,1904.66,1549.71,2015.31
L,17,6,1905.33,1549.37,2015.44
L,18,6,1905.06,1549.9,2015.56
L,19,6,1904.85,1549.52,2015.64
L,20,6,1905.98,1549.61,2015.77
L,21,6,1906.39,1550.09,2015.82
L,22,6,1905.91,1549.67,2015.05
L,23,6,1886.54,1572.05,1983.12
L,24,6,1886.83,1572.84,1982.5
L,25,6,1887.06,1573.47,1984.4
L,26,6,1887.25,1573.98,1985.12
L,27,6,1887.4,1574.38,1992.89
L,28,6,1886.72,1573.91,1990.32
L,29,6,1886.98,1574.32,1988.25
L,30,6,1887.18,1573.86,1988.2
L,31,6,1887.34,1574.29,1986.56
L,32,6,1887.48,1573.83,1985.25
L,33,6,1887.48,1573.83,1985.25
L,34,6,1770.28,1373.98,1889.78
L,35,6,1771.43,1374.38,1898.23
L,36,6,1773.14,1374.71,1898.58
L,37,6,1773.71,1375.76,1898.86
L,38,6,1774.17,1376.61,1899.09
L,39,6,1774.54,1376.49,1899.27
L,40,6,1774.83,1377.19,1899.42
L,41,6,1775.06,1377.75,1898.74
L,42,6,1775.25,1377.4,1899.79
L,43,6,1775.4,1377.92,1900.63
L,44,6,1777.12,1377.54,1901.3
L,45,6,1619.3,1206.14,1848.32
L,46,6,1620.24,1206.52,1849.06
L,47,6,1620.19,1207.61,1848.84
L,48,6,1620.15,1207.69,1848.68
L,49,6,1620.12,1207.75,1849.34
L,50,6,1620.1,1207.8,1849.87
L,51,6,1620.88,1207.84,1850.3
L,52,6,1620.7,1207.87,1850.64
L,53,6,1621.36,1207.1,1851.71
L,54,6,1621.09,1207.28,1851.77
L,55,6,1621.67,1207.42,1851.81
L,56,6,1904.01,1579.59,1987.8
L,57,6,1904.81,1578.07,1987.84
L,58,6,1904.64,1576.06,1987.87
L,59,6,1905.32,1576.04,1987.9
L,60,6,1905.85,1574.44,1987.92
L,61,6,1903.88,1573.95,1987.93
L,62,6,1904.71,1572.76,1987.95
L,63,6,1904.56,1573.41,1987.96
L,64,6,1905.25,1573.93,1988.77
L,65,6,1903.4,1573.54,1988.61
L,66,6,1901.92,1572.43,1988.49
L,67,6,1905.03,1559.02,1998.61
L,68,6,1907.22,1559.21,2000.49
L,69,6,1908.98,1560.17,2001.19
L,70,6,1910.38,1560.14,2002.55
L,71,6,1910.71,1561.71,2002.84
L,72,6,1911.77,1561.37,2003.87
L,73,6,1911.81,1562.69,2003.9
L,74,6,1912.65,1563.76,2003.92
L,75,6,1912.52,1563,2003.94
L,76,6,1913.22,1564,2003.95
L,77,6,1914.57,1565.6,2005.56
L,78,6,1797.92,1492.72,1891.08
L,79,6,1799.14,1492.57,1891.27
L,80,6,1798.51,1493.26,1892.21
L,81,6,1798.81,1493.01,1892.97
L,82,6,1799.85,1493.61,1893.58
L,83,6,1800.68,1494.88,1894.06
L,84,6,1800.54,1495.91,1893.65
L,85,6,1801.23,1496.73,1894.12
L,86,6,1801.79,1496.58,1894.5
L,87,6,1801.43,1497.26,1894.8
L,88,6,1801.14,1497.01,1895.84
L,89,6,1698.99,1422.3,1784.61
L,90,6,1697.59,1421.84,1784.49
L,91,6,1698.08,1420.67,1784.39
L,92,6,1698.46,1420.54,1785.11
L,93,6,1697.97,1419.63,1784.89
L,94,6,1698.37,1419.7,1783.91
L,95,6,1697.1,1418.96,1783.93
L,96,6,1697.68,1418.37,1783.94
L,97,6,1696.54,1418.7,1783.95
L,98,6,1696.44,1417.36,1781.56
L,99,6,1467.99,1250.69,1563.62
L,100,6,1467.99,1250.95,1564.5
L,101,6,1467.99,1251.16,1563.6
L,102,6,1467.99,1251.33,1563.68
L,103,6,1467.99,1249.86,1564.54
L,104,6,1468,1250.29,1565.23
L,105,6,1468,1249.83,1564.19
L,106,6,1468,1248.67,1564.95
L,107,6,1468,1247.73,1564.76
L,108,6,1468,1246.99,1565.41
L,109,6,1466.4,1246.39,1565.93
L,110,6,1466.4,1246.39,1565.93
L,1,7,2942.81,2461.82,3154.31
L,2,7,2943.05,2462.26,3154.65
L,3,7,2943.24,2463.41,3154.92
L,4,7,2943.39,2462.72,3154.33
L,5,7,2942.71,2462.98,3154.67
L,6,7,2942.97,2462.38,3154.13
L,7,7,2942.38,2463.51,3154.51
L,8,7,2941.9,2463.61,3154.01
L,9,7,2942.32,2464.48,3154.4
L,10,7,2942.66,2463.59,3154.72
L,11,7,2942.93,2462.87,3154.98
L,12,7,2766.98,2394.79,2987.32
L,13,7,2767.99,2395.03,2987.46
L,14,7,2767.99,2396.02,2988.37
L,15,7,2767.19,2396.02,2989.09
L,16,7,2767.35,2396.82,2989.67
L,17,7,2768.28,2396.65,2990.14
L,18,7,2769.03,2397.32,2990.51
L,19,7,2770.42,2397.06,2990.81
L,20,7,2769.94,2397.65,2991.05
L,21,7,2769.55,2397.32,2991.24
L,22,7,2770.04,2396.25,2989.79
L,23,7,2820.85,2347.35,3047.98
L,24,7,2821.48,2346.68,3047.98
L,25,7,2821.98,2346.95,3047.99
L,26,7,2822.39,2347.16,3048.79
L,27,7,2821.91,2348.13,3049.43
L,28,7,2822.33,2349.7,3049.95
L,29,7,2822.66,2349.36,3050.36
L,30,7,2822.93,2349.09,3050.69
L,31,7,2823.14,2348.87,3050.95
L,32,7,2823.32,2348.7,3051.16
L,33,7,2753.57,2328.5,3060.35
L,34,7,2754.06,2326.8,3060.28
L,35,7,2754.45,2327.04,3060.22
L,36,7,2754.76,2328.03,3061.78
L,37,7,2755.01,2329.63,3063.82
L,38,7,2755.2,2331.7,3064.66
L,39,7,2755.36,2342.16,3065.33
L,40,7,2755.49,2341.73,3065.86
L,41,7,2755.59,2341.38,3066.29
L,42,7,2757.82,2343.77,3069.78
L,43,7,2758.26,2343.01,3071.03
L,44,7,2827.69,2373.46,3059.59
L,45,7,2828.55,2373.97,3059.67
L,46,7,2829.24,2373.57,3059.74
L,47,7,2828.99,2373.26,3059.79
L,48,7,2838.39,2373.81,3059.83
L,49,7,2837.12,2374.25,3059.87
L,50,7,2835.29,2373.8,3059.89
L,51,7,2833.83,2374.24,3059.91
L,52,7,2831.87,2382.59,3059.93
L,53,7,2831.89,2381.27,3059.15
L,54,7,2831.12,2379.42,3059.32
L,55,7,2804.54,2337.86,3034.15
L,56,7,2805.23,2337.49,3034.52
L,57,7,2804.99,2337.99,3034.82
L,58,7,2803.99,2338.39,3035.05
L,59,7,2803.99,2338.72,3033.64
L,60,7,2803.99,2337.37,3031.71
L,61,7,2803.99,2336.3,3042.17
L,62,7,2804.8,2335.44,3038.54
L,63,7,2805.44,2335.55,3036.43
L,64,7,2805.15,2334.84,3033.94
L,65,7,2804.92,2333.47,3032.76
L,66,7,2786.79,2339.06,2999.89
L,67,7,2787.03,2338.45,2999.91
L,68,7,2787.23,2337.16,2999.93
L,69,7,2786.58,2336.93,2999.14
L,70,7,2786.86,2335.94,2998.51
L,71,7,2786.29,2335.95,2998.81
L,72,7,2786.63,2336.76,2999.05
L,73,7,2785.31,2336.61,2998.44
L,74,7,2783.45,2334.89,2998.75
L,75,7,2782.76,2333.51,2999
L,76,7,2783.81,2333.21,2999.2
L,77,7,2793.6,2371.82,3001.78
L,78,7,2794.08,2371.85,3003.02
L,79,7,2795.26,2371.08,3001.62
L,80,7,2796.21,2371.27,3001.29
L,81,7,2796.17,2370.61,3001.04
L,82,7,2796.13,2370.89,3000.83
L,83,7,2805.71,2370.31,2999.86
L,84,7,2808.57,2381.85,3008.69
L,85,7,2810.05,2386.28,3011.75
L,86,7,2810.44,2391.42,3014.2
L,87,7,2812.35,2393.14,3016.16
L,88,7,2762.91,2353.27,2973.13
L,89,7,2762.32,2352.22,2973.7
L,90,7,2762.66,2351.37,2974.96
L,91,7,2762.93,2350.7,2975.17
L,92,7,2763.14,2351.76,2974.54
L,93,7,2763.31,2351.01,2974.83
L,94,7,2763.45,2351.21,2974.26
L,95,7,2766.76,2356.16,2977.81
L,96,7,2769.41,2360.93,2980.65
L,97,7,2771.53,2363.95,2982.92
L,98,7,2771.62,2365.56,2984.74
L,99,7,2789.23,2334.64,2988.21
L,100,7,2788.98,2335.71,2988.97
L,101,7,2788.79,2334.97,2989.57
L,102,7,2788.63,2334.38,3000.46
L,103,7,2788.5,2333.1,2997.97
L,104,7,2788.4,2334.48,2995.97
L,105,7,2788.32,2333.19,2995.18
L,106,7,2788.26,2333.75,2994.54
L,107,7,2788.21,2333.4,2992.43
L,108,7,2788.97,2333.92,2992.35
L,109,7,2787.97,2332.73,2989.88
L,110,7,2787.97,2332.73,2989.88
W,1,1,475.2,475.2,474
W,2,1,473.2,473.2,474
W,3,1,475.6,477.2,478.4
W,4,1,478,476.8,474.8
W,5,1,474.4,474.8,476.8
W,6,1,478,478.8,478.8
W,7,1,478.4,477.6,476
W,8,1,475.2,475.2,476.8
W,9,1,477.6,477.2,475.6
W,10,1,474.4,474,474.4
W,11,1,474.8,475.6,476
W,12,1,487.6,489.6,489.6
W,13,1,488.8,486.8,486.4
W,14,1,486.4,487.2,486.8
W,15,1,486.8,487.6,488.4
W,16,1,488.4,487.2,487.2
W,17,1,488,488.8,488
W,18,1,486.8,486.8,488.4
W,19,1,490,490,489.2
W,20,1,488.4,489.2,489.6
W,21,1,490,490,490.8
W,22,1,491.2,490,488.4
W,23,1,434.4,434.8,435.6
W,24,1,434.4,434.8,435.6
W,25,1,437.2,438.8,439.6
W,26,1,438.8,437.2,436.8
W,27,1,437.2,438,437.6
W,28,1,437.6,437.6,438.8
W,29,1,439.2,440,440
W,30,1,441.2,441.2,441.2
W,31,1,440.4,440.4,440.4
W,32,1,440.4,440,440
W,33,1,440,440.8,440.8
W,34,1,508.8,508.8,508.4
W,35,1,507.2,506.4,504.8
W,36,1,504.4,504.8,506.8
W,37,1,507.6,508,507.6
W,38,1,507.2,506.4,504.8
W,39,1,504.4,504.8,507.2
W,40,1,508.8,509.6,508
W,41,1,505.6,503.6,503.6
W,42,1,505.2,507.2,508.4
W,43,1,508.8,508.4,507.2
W,44,1,505.6,504.8,505.6
W,45,1,516.8,517.2,517.6
W,46,1,518.8,518.8,518.4
W,47,1,517.2,516,515.2
W,48,1,514.4,514.8,514.8
W,49,1,515.6,514.8,514.8
W,50,1,514.4,515.2,516
W,51,1,516.4,516.8,516.4
W,52,1,517.2,516.8,517.2
W,53,1,516.8,518,518.8
W,54,1,519.2,518.8,518
W,55,1,518,517.6,517.2
W,56,1,516.8,516,516
W,57,1,517.6,518,517.6
W,58,1,516,515.2,516.4
W,59,1,518,520.4,519.6
W,60,1,519.2,517.2,516.8
W,61,1,516,516.4,517.2
W,62,1,517.6,518,517.6
W,63,1,518,517.2,517.2
W,64,1,516.8,517.6,518
W,65,1,517.6,516.4,514.8
W,66,1,514.8,515.2,516
W,67,1,473.2,472,470.8
W,68,1,469.6,470,471.2
W,69,1,472.4,472.4,472.4
W,70,1,472.8,473.6,474
W,71,1,473.6,473.6,473.2
W,72,1,474.4,474.4,474.8
W,73,1,472.8,473.2,473.6
W,74,1,476,475.6,475.6
W,75,1,474.4,474.4,473.2
W,76,1,473.2,473.2,474.8
W,77,1,475.2,475.6,475.2
W,78,1,488.4,488,488.8
W,79,1,490.4,490.8,491.6
W,80,1,490.8,490.4,488.8
W,81,1,488.8,489.2,490.8
W,82,1,490.8,490,488.8
W,83,1,489.2,490.4,491.2
W,84,1,491.2,490.8,491.2
W,85,1,490.8,490,488.8
W,86,1,488.8,489.6,490.4
W,87,1,491.2,490.4,490
W,88,1,488.4,488.8,488.4
W,89,1,501.2,501.6,502.4
W,90,1,504,504.4,504.4
W,91,1,503.6,502.8,501.6
W,92,1,501.6,502.4,504
W,93,1,504,503.2,502
W,94,1,501.6,501.2,500.4
W,95,1,499.2,499.2,500
W,96,1,502,502.8,502.8
W,97,1,502,502,502.4
W,98,1,503.2,503.6,504
W,99,1,503.6,502.8,502
W,100,1,503.6,502.4,503.2
W,101,1,504.4,505.2,505.6
W,102,1,506.8,507.6,507.2
W,103,1,505.2,504,504
W,104,1,505.2,505.6,504.8
W,105,1,503.6,502.8,503.6
W,106,1,504.4,505.6,506.4
W,107,1,506.8,506.8,505.6
W,108,1,505.6,506.4,508.4
W,109,1,509.2,508.4,507.6
W,110,1,507.2,507.2,505.6
W,1,2,567.6,568,567.6
W,2,2,567.6,568,567.6
W,3,2,568,568.8,569.2
W,4,2,570.4,570.8,572
W,5,2,570.8,570.4,568.8
W,6,2,568.8,568,568.4
W,7,2,567.2,566.4,566
W,8,2,567.6,569.6,569.6
W,9,2,568.8,567.2,567.2
W,10,2,567.2,568,568.4
W,11,2,568.8,568.4,568.4
W,12,2,651.6,650.4,648.4
W,13,2,644.8,641.2,636.8
W,14,2,634.4,633.6,635.2
W,15,2,636.8,638.4,639.6
W,16,2,640.4,641.6,642.4
W,17,2,643.6,643.6,644
W,18,2,643.6,644.4,644.8
W,19,2,644.8,643.6,642.4
W,20,2,641.6,640.4,638.4
W,21,2,634.4,628,620
W,22,2,615.6,615.6,617.6
W,23,2,618.4,618.4,619.6
W,24,2,565.2,566,566.4
W,25,2,566,565.2,563.6
W,26,2,562.8,562.4,563.6
W,27,2,564.4,565.6,566
W,28,2,566.4,566,566
W,29,2,565.6,566,565.2
W,30,2,565.2,564.8,565.6
W,31,2,566.4,566.8,566.4
W,32,2,565.2,564.8,565.2
W,33,2,565.6,565.6,565.2
W,34,2,565.6,566.8,566.8
W,35,2,620,620.4,620.8
W,36,2,621.6,622.8,623.6
W,37,2,624,624,624
W,38,2,623.6,622.8,622.4
W,39,2,622.4,623.2,622.8
W,40,2,622.8,622,622.8
W,41,2,623.2,624.4,624.4
W,42,2,624.4,623.6,622.8
W,43,2,621.2,620,619.6
W,44,2,620.8,622.4,623.6
W,45,2,624,624,624
W,46,2,621.2,623.2,624.8
W,47,2,624,623.2,622
W,48,2,621.6,620.4,620
W,49,2,619.6,620,619.6
W,50,2,620.4,620.8,621.6
W,51,2,621.6,621.2,620.8
W,52,2,620.4,620,619.6
W,53,2,619.2,619.6,620.4
W,54,2,620.8,620.8,620
W,55,2,620,620.4,621.2
W,56,2,621.6,621.6,621.6
W,57,2,568.4,569.2,568.8
W,58,2,568.8,568,568.4
W,59,2,568.4,569.2,569.2
W,60,2,568.4,567.6,567.6
W,61,2,568.8,568.8,569.2
W,62,2,569.6,571.2,570.8
W,63,2,568.8,566,564.8
W,64,2,565.6,566.8,569.2
W,65,2,570,571.6,570
W,66,2,570,568.4,568.8
W,67,2,568.8,570,570
W,68,2,559.6,560,560.4
W,69,2,560,559.6,559.2
W,70,2,559.2,558.4,557.2
W,71,2,556.4,557.2,559.2
W,72,2,560.4,561.2,560.8
W,73,2,560.8,560.8,560.8
W,74,2,560.8,560.4,560.8
W,75,2,561.2,561.2,560.8
W,76,2,560.4,560,559.2
W,77,2,558.8,558.8,559.6
W,78,2,559.6,560,560
W,79,2,574,575.2,575.6
W,80,2,574.4,572.8,572
W,81,2,572.4,573.6,574.4
W,82,2,574.8,574.4,573.6
W,83,2,572.4,572,572.4
W,84,2,573.6,574.4,574.8
W,85,2,575.2,575.2,575.2
W,86,2,574.8,575.2,575.6
W,87,2,575.6,574.8,574.4
W,88,2,574.4,574.8,574.4
W,89,2,574,574,574.4
W,90,2,549.6,550,550.4
W,91,2,550.8,550.4,549.6
W,92,2,549.2,549.2,549.6
W,93,2,549.2,549.2,549.6
W,94,2,550,549.6,548.4
W,95,2,548,548,548.8
W,96,2,549.2,550,550.4
W,97,2,550.8,550.4,549.6
W,98,2,548.8,548.8,549.6
W,99,2,550,550,548.8
W,100,2,548.4,547.6,548.4
W,101,2,558,558,559.2
W,102,2,561.2,562,561.6
W,103,2,560.8,561.2,561.6
W,104,2,561.6,560.4,560.4
W,105,2,560.8,560.8,559.6
W,106,2,558.8,560,561.2
W,107,2,561.6,560,559.6
W,108,2,560,561.2,561.6
W,109,2,561.6,562,562
W,110,2,562,561.2,560.8
W,1,3,735.6,735.6,736
W,2,3,735.6,735.6,736
W,3,3,736.4,737.2,737.2
W,4,3,737.6,737.2,738
W,5,3,737.6,737.6,736.8
W,6,3,737.6,738.8,740
W,7,3,740.4,740,739.6
W,8,3,738.8,738.8,738.8
W,9,3,739.2,738.8,738.8
W,10,3,740.4,743.2,745.6
W,11,3,745.2,744.4,742.8
W,12,3,800,799.2,798.4
W,13,3,800.4,800.4,800.4
W,14,3,798,798.4,798.8
W,15,3,799.6,799.2,799.2
W,16,3,798.8,798.8,798
W,17,3,796,794.8,793.2
W,18,3,793.6,794.4,796.8
W,19,3,798.8,800,800.4
W,20,3,797.2,798.4,799.6
W,21,3,800,798.8,797.6
W,22,3,799.6,800,800.4
W,23,3,802.4,801.2,800
W,24,3,801.6,801.2,800.8
W,25,3,800.4,800.4,800.4
W,26,3,800,800,799.6
W,27,3,799.6,799.2,799.2
W,28,3,799.2,799.2,799.2
W,29,3,799.2,799.2,799.2
W,30,3,799.2,799.2,799.2
W,31,3,799.6,799.6,800
W,32,3,799.6,799.6,798.8
W,33,3,798,797.6,798
W,34,3,799.6,800.4,800.8
W,35,3,672,672.8,672.8
W,36,3,672.4,672,672.8
W,37,3,673.6,674.4,674.4
W,38,3,674,674.8,675.6
W,39,3,677.2,676.4,674.8
W,40,3,672.8,672,672.8
W,41,3,673.6,674.8,675.2
W,42,3,675.6,675.2,675.2
W,43,3,674.8,674.8,674
W,44,3,674,674.4,674.8
W,45,3,675.2,674.8,675.2
W,46,3,792,792.8,792.8
W,47,3,792.4,794.4,797.2
W,48,3,800,798.4,796
W,49,3,793.2,792,791.2
W,50,3,791.2,791.6,792
W,51,3,792,792,792
W,52,3,791.6,791.2,791.2
W,53,3,792,793.2,794
W,54,3,794,793.2,792.4
W,55,3,792.4,792.8,792.8
W,56,3,792,791.6,791.6
W,57,3,758.4,759.2,759.2
W,58,3,758.4,758,758
W,59,3,758.4,758,758
W,60,3,758,758.4,758.4
W,61,3,758.4,758.8,759.6
W,62,3,760.8,761.2,760.4
W,63,3,759.2,760,762
W,64,3,764,762.8,760.8
W,65,3,758.8,758.4,758.4
W,66,3,758,758,758
W,67,3,758.4,757.6,757.2
W,68,3,773.2,772.8,773.2
W,69,3,773.6,774.8,775.2
W,70,3,776.4,776,776
W,71,3,775.2,776,777.2
W,72,3,778.4,778.8,778.8
W,73,3,778.8,778.8,778.8
W,74,3,778.8,778.8,778.8
W,75,3,778,776.8,776.4
W,76,3,777.6,779.6,780
W,77,3,779.6,778.8,778.8
W,78,3,778.8,778,777.2
W,79,3,771.2,771.2,771.2
W,80,3,771.2,770.8,770.4
W,81,3,770.8,770.8,770.8
W,82,3,770.4,770.8,771.2
W,83,3,772,772.4,772.8
W,84,3,772,771.2,770
W,85,3,769.6,769.2,769.6
W,86,3,770,769.6,768.8
W,87,3,768.4,769.6,770.8
W,88,3,773.2,774.8,776.4
W,89,3,774.4,772.4,770
W,90,3,783.2,781.6,780
W,91,3,778.8,779.2,779.6
W,92,3,780,778.8,777.6
W,93,3,776,776.4,776.8
W,94,3,778,778.4,778.8
W,95,3,778.4,778,777.6
W,96,3,778,778.4,778.8
W,97,3,778.8,778,777.6
W,98,3,777.2,778.4,778.8
W,99,3,781.2,782.8,784.8
W,100,3,782.8,780.8,778.8
W,101,3,691.2,691.2,691.2
W,102,3,691.6,691.6,691.6
W,103,3,690.8,690.8,690.8
W,104,3,691.2,691.2,691.2
W,105,3,691.2,691.2,691.2
W,106,3,691.6,691.6,691.2
W,107,3,690.4,690,690.4
W,108,3,690.4,690.8,690.8
W,109,3,691.2,690.8,690.4
W,110,3,690,690.4,690.8
W,1,4,1072,1072,1071.6
W,2,4,1071.6,1071.6,1071.6
W,3,4,1072,1072.4,1072.8
W,4,4,1072.4,1072,1071.6
W,5,4,1071.6,1071.6,1071.6
W,6,4,1071.6,1071.6,1071.2
W,7,4,1070.8,1070.4,1070.8
W,8,4,1071.2,1071.6,1071.2
W,9,4,1070,1068.8,1068.4
W,10,4,1069.6,1070.8,1071.6
W,11,4,1071.6,1071.6,1072
W,12,4,1024.8,1022.4,1022
W,13,4,1021.2,1020.4,1020.4
W,14,4,1020.4,1019.6,1016.4
W,15,4,1013.6,1011.6,1011.2
W,16,4,1011.2,1012,1014.8
W,17,4,1016.4,1016.4,1014.4
W,18,4,1013.2,1012.8,1012
W,19,4,1010.4,1007.6,1005.2
W,20,4,1003.6,1002.8,1002
W,21,4,1001.2,1001.2,1001.6
W,22,4,1002.8,1004.8,1007.2
W,23,4,1009.2,1010,1010.8
W,24,4,916.8,916.8,916.8
W,25,4,914,910,904.4
W,26,4,901.6,901.6,906.4
W,27,4,910,911.2,906.8
W,28,4,903.2,902,907.6
W,29,4,913.2,917.2,916
W,30,4,914,913.2,914
W,31,4,915.6,916.4,915.6
W,32,4,914.4,913.2,912.4
W,33,4,910.8,907.6,904
W,34,4,901.6,902.8,906.4
W,35,4,1031.6,1032,1032
W,36,4,1032.8,1034.8,1037.2
W,37,4,1038.8,1038,1036.8
W,38,4,1035.6,1036.4,1037.6
W,39,4,1038.8,1039.6,1040
W,40,4,1039.6,1038,1035.2
W,41,4,1033.2,1031.6,1032
W,42,4,1032.4,1033.2,1032.8
W,43,4,1032,1031.2,1030.8
W,44,4,1030,1028.4,1024.8
W,45,4,1021.6,1018.4,1017.2
W,46,4,1015.6,1014.8,1013.2
W,47,4,1012,1012.4,1014
W,48,4,1015.6,1016.4,1016
W,49,4,1016,1015.6,1014.8
W,50,4,1013.6,1013.2,1013.6
W,51,4,1013.6,1013.2,1014
W,52,4,1015.2,1016.4,1015.6
W,53,4,1014.8,1013.6,1013.6
W,54,4,1013.6,1014.4,1015.2
W,55,4,1016.4,1017.2,1017.2
W,56,4,1016,1014.4,1013.6
W,57,4,1020.4,1022.8,1023.2
W,58,4,1022.8,1018.4,1015.2
W,59,4,1012.8,1012.8,1012.8
W,60,4,1015.2,1017.6,1020
W,61,4,1017.6,1015.2,1013.2
W,62,4,1014,1014.8,1015.2
W,63,4,1014.8,1014.4,1014
W,64,4,1014,1014,1013.6
W,65,4,1012.8,1012,1010.8
W,66,4,1010.4,1009.6,1009.6
W,67,4,1009.2,1009.6,1010.4
W,68,4,1011.2,1010.4,1008
W,69,4,1006,1005.6,1006.4
W,70,4,1006.4,1006,1005.6
W,71,4,1005.6,1005.6,1006.4
W,72,4,1006.8,1006.8,1006
W,73,4,1006,1006.8,1007.6
W,74,4,1007.6,1008,1008.8
W,75,4,1010.4,1011.2,1010.8
W,76,4,1010,1008.4,1007.2
W,77,4,1005.6,1004.4,1003.6
W,78,4,1003.6,1004.8,1006.4
W,79,4,996,996.4,997.6
W,80,4,997.2,996.8,994.8
W,81,4,993.6,991.6,992
W,82,4,992.4,994.4,994
W,83,4,994,993.2,994
W,84,4,994.4,994.8,994.4
W,85,4,993.6,992.8,992.8
W,86,4,992.8,992.4,991.6
W,87,4,991.6,992.4,992.8
W,88,4,992.8,992.4,993.2
W,89,4,994.4,995.6,996
W,90,4,1001.2,1001.6,1001.6
W,91,4,1001.2,1000.8,1001.2
W,92,4,1001.6,1002,1002
W,93,4,1001.6,1001.2,1000.8
W,94,4,1000.8,1000.8,1000.8
W,95,4,1000.8,1000.8,1000.4
W,96,4,1000.4,1000.4,1001.2
W,97,4,1001.6,1002,1001.6
W,98,4,1002.8,1002.8,1002.8
W,99,4,999.6,998.8,999.2
W,100,4,1000.4,1000.4,999.6
W,101,4,938.4,937.2,937.2
W,102,4,937.6,937.6,936.8
W,103,4,937.6,938,938.8
W,104,4,937.2,936.4,935.6
W,105,4,936,936,936
W,106,4,936.8,937.6,938.4
W,107,4,937.6,935.6,932.8
W,108,4,930.8,930.8,931.6
W,109,4,932.4,931.6,930.8
W,110,4,929.6,929.2,928
W,1,5,1353.2,1353.6,1353.2
W,2,5,1353.2,1352.8,1353.2
W,3,5,1352.8,1353.2,1352.8
W,4,5,1352,1350.8,1350.4
W,5,5,1351.6,1352.8,1353.2
W,6,5,1352.8,1352.4,1352.4
W,7,5,1352.8,1355.6,1358.4
W,8,5,1360.4,1357.6,1354.8
W,9,5,1352.8,1353.2,1354
W,10,5,1354,1354.4,1354
W,11,5,1354.4,1354,1354.4
W,12,5,1252.4,1252.4,1253.2
W,13,5,1253.2,1254,1254
W,14,5,1254.4,1253.6,1254
W,15,5,1254.8,1256,1256.4
W,16,5,1256.8,1257.2,1257.2
W,17,5,1256.4,1255.6,1254.4
W,18,5,1253.2,1252,1252
W,19,5,1252,1252,1252.4
W,20,5,1254,1256,1256.8
W,21,5,1256.8,1256,1255.6
W,22,5,1255.2,1255.6,1256
W,23,5,997.2,998,998.4
W,24,5,998,998,998
W,25,5,998.8,998.8,998.4
W,26,5,997.6,997.2,997.2
W,27,5,997.2,997.2,997.2
W,28,5,996.8,996.8,997.2
W,29,5,998,998.4,998.4
W,30,5,998.8,998.8,998.4
W,31,5,997.2,996.8,996.8
W,32,5,997.6,998,998.4
W,33,5,998.4,998,997.6
W,34,5,1226.4,1226.8,1226.4
W,35,5,1226.8,1226,1225.6
W,36,5,1226,1227.2,1230
W,37,5,1231.6,1232.8,1231.2
W,38,5,1230,1228.4,1228
W,39,5,1227.6,1227.2,1226.4
W,40,5,1226,1226.4,1227.6
W,41,5,1228.4,1229.2,1229.6
W,42,5,1230,1230,1230
W,43,5,1229.6,1228.8,1228
W,44,5,1226.4,1224.4,1220
W,45,5,1234,1233.6,1232.4
W,46,5,1231.2,1230.4,1229.6
W,47,5,1229.6,1229.6,1230.4
W,48,5,1230.4,1230.8,1230
W,49,5,1230.4,1230.4,1232.4
W,50,5,1232.8,1233.2,1231.2
W,51,5,1230.4,1229.2,1230.4
W,52,5,1231.2,1232.8,1232.8
W,53,5,1232.8,1232,1231.2
W,54,5,1230.8,1231.2,1232.8
W,55,5,1233.6,1233.6,1232
W,56,5,1329.6,1329.6,1329.6
W,57,5,1330,1330.8,1332
W,58,5,1332.8,1332.8,1331.6
W,59,5,1330.4,1330,1331.2
W,60,5,1332.8,1333.6,1333.2
W,61,5,1332,1330.8,1329.2
W,62,5,1328,1327.6,1328.4
W,63,5,1329.6,1330,1330
W,64,5,1328.4,1327.6,1326.4
W,65,5,1326.8,1326.8,1327.6
W,66,5,1328.8,1329.6,1330.4
W,67,5,1329.6,1329.6,1329.6
W,68,5,1330,1330.8,1332
W,69,5,1332.8,1332.8,1331.6
W,70,5,1330.4,1330,1331.2
W,71,5,1332.8,1333.6,1333.2
W,72,5,1332,1330.8,1329.2
W,73,5,1328,1327.6,1328.4
W,74,5,1329.6,1330,1330
W,75,5,1328.4,1327.6,1326.4
W,76,5,1326.8,1326.8,1327.6
W,77,5,1328.8,1329.6,1330.4
W,78,5,1326,1325.6,1325.6
W,79,5,1326.4,1328.4,1329.6
W,80,5,1330.4,1330.8,1332
W,81,5,1331.6,1330,1327.6
W,82,5,1326.4,1326.8,1328
W,83,5,1328.8,1327.2,1324.8
W,84,5,1323.2,1323.6,1324
W,85,5,1323.2,1322.8,1323.2
W,86,5,1324.8,1324.8,1324.4
W,87,5,1324,1324.8,1326
W,88,5,1326.8,1326.4,1324.8
W,89,5,1318.4,1318,1318.4
W,90,5,1318,1318.8,1318.8
W,91,5,1319.6,1318.8,1318.8
W,92,5,1318,1318.4,1318.4
W,93,5,1319.2,1319.6,1319.6
W,94,5,1319.2,1318.8,1319.2
W,95,5,1319.2,1319.2,1318.4
W,96,5,1318.4,1321.2,1324.8
W,97,5,1328,1325.6,1322.8
W,98,5,1318.8,1317.2,1314.4
W,99,5,1313.6,1312.8,1314.4
W,100,5,1350.8,1350.8,1351.2
W,101,5,1350.8,1350.4,1350
W,102,5,1350.4,1350.8,1351.6
W,103,5,1351.6,1351.6,1350.8
W,104,5,1350.4,1350,1354.8
W,105,5,1360,1365.2,1360.8
W,106,5,1355.6,1350.4,1350
W,107,5,1350,1349.6,1349.6
W,108,5,1349.6,1350.4,1350.4
W,109,5,1350.8,1350.4,1350.8
W,110,5,1350.4,1350.8,1350.4
W,1,6,1798.8,1798,1798
W,2,6,1798.4,1798.8,1798.4
W,3,6,1798,1797.6,1797.6
W,4,6,1797.6,1797.6,1798.4
W,5,6,1799.2,1800,1799.2
W,6,6,1798.4,1798.4,1798
W,7,6,1797.6,1795.6,1796
W,8,6,1796.4,1797.6,1797.6
W,9,6,1797.6,1798.4,1798.4
W,10,6,1798.4,1796.8,1796.8
W,11,6,1796.8,1798.4,1798
W,12,6,1639.6,1640,1640.4
W,13,6,1640.4,1640.4,1640.4
W,14,6,1640.4,1640.8,1641.2
W,15,6,1642,1642,1642
W,16,6,1641.2,1641.2,1641.2
W,17,6,1642,1642,1642
W,18,6,1641.2,1641.2,1641.2
W,19,6,1641.6,1641.2,1640.8
W,20,6,1640.8,1641.6,1642.4
W,21,6,1642.8,1642.4,1642
W,22,6,1641.6,1642,1642.4
W,23,6,1642.4,1641.6,1640.4
W,24,6,1633.2,1632.4,1633.6
W,25,6,1634.8,1635.6,1634.8
W,26,6,1634,1633.2,1634.4
W,27,6,1635.6,1636.8,1636.4
W,28,6,1636,1635.6,1639.2
W,29,6,1642.4,1645.2,1640
W,30,6,1635.6,1632,1632.8
W,31,6,1633.2,1632.8,1633.2
W,32,6,1633.6,1634.8,1634.4
W,33,6,1634,1632.8,1632.4
W,34,6,1632,1632.4,1632.8
W,35,6,1515.2,1515.6,1515.2
W,36,6,1514.8,1514,1517.6
W,37,6,1521.6,1526,1523.2
W,38,6,1519.6,1516.4,1516.4
W,39,6,1516.8,1516.8,1516.8
W,40,6,1516.8,1516.4,1516
W,41,6,1515.6,1516,1516.4
W,42,6,1516.8,1516.8,1516.4
W,43,6,1516,1515.2,1515.6
W,44,6,1516,1517.2,1517.6
W,45,6,1518.8,1519.2,1519.6
W,46,6,1403.6,1403.6,1403.6
W,47,6,1404.4,1404.8,1405.2
W,48,6,1404.8,1404.8,1404.4
W,49,6,1404.4,1403.6,1403.2
W,50,6,1402.8,1402.8,1403.2
W,51,6,1403.6,1404,1404
W,52,6,1404.4,1404.8,1405.2
W,53,6,1404.8,1404.4,1404
W,54,6,1404.4,1404.4,1404.8
W,55,6,1404.4,1404.8,1404.4
W,56,6,1404.8,1404.8,1405.2
W,57,6,1648,1645.6,1643.2
W,58,6,1640.8,1640.8,1640.8
W,59,6,1640,1639.2,1638.4
W,60,6,1638.4,1639.6,1640.8
W,61,6,1641.6,1640.8,1640
W,62,6,1638,1637.2,1636.4
W,63,6,1638,1638.8,1639.6
W,64,6,1638.8,1639.2,1639.6
W,65,6,1640.8,1641.2,1642
W,66,6,1641.2,1640,1638
W,67,6,1637.2,1636.4,1636
W,68,6,1644.4,1645.2,1645.2
W,69,6,1646,1645.2,1645.2
W,70,6,1644.8,1645.6,1645.6
W,71,6,1645.6,1644.8,1644.8
W,72,6,1644.4,1645.2,1645.2
W,73,6,1646,1645.2,1645.2
W,74,6,1644.4,1645.2,1645.2
W,75,6,1646,1646,1646.4
W,76,6,1646,1644.8,1643.6
W,77,6,1643.2,1644.4,1645.6
W,78,6,1646.8,1647.6,1649.2
W,79,6,1557.2,1558,1557.2
W,80,6,1558,1557.2,1557.2
W,81,6,1555.6,1555.2,1555.2
W,82,6,1556.4,1556.8,1556.8
W,83,6,1556.8,1557.6,1558.4
W,84,6,1559.6,1559.2,1558.4
W,85,6,1558.4,1558.4,1559.2
W,86,6,1559.6,1559.6,1559.2
W,87,6,1558.4,1558.4,1558.4
W,88,6,1558.8,1558.4,1558.4
W,89,6,1471.6,1470.4,1469.2
W,90,6,1469.6,1470.8,1472
W,91,6,1471.6,1470.4,1469.2
W,92,6,1469.6,1470,1470.4
W,93,6,1470,1470.4,1471.2
W,94,6,1471.6,1471.2,1470
W,95,6,1469.6,1470,1470.4
W,96,6,1469.6,1468,1467.2
W,97,6,1468,1469.2,1470
W,98,6,1469.2,1468.8,1468.4
W,99,6,1469.2,1468.8,1467.2
W,100,6,1468.4,1470,1470.4
W,101,6,1284.4,1285.2,1286
W,102,6,1286,1285.6,1285.6
W,103,6,1286,1286.4,1285.6
W,104,6,1284.8,1284,1284.4
W,105,6,1284.8,1284.4,1284
W,106,6,1283.6,1284.8,1285.6
W,107,6,1286.4,1286,1284.8
W,108,6,1283.6,1282.4,1282.8
W,109,6,1283.2,1284,1283.6
W,110,6,1283.2,1282.8,1283.2
W,1,7,2567.6,2568,2568
W,2,7,2568,2568.4,2568.8
W,3,7,2569.2,2569.6,2570
W,4,7,2570.4,2569.6,2568.4
W,5,7,2566.8,2566.4,2566.8
W,6,7,2568,2568.4,2568
W,7,7,2566.8,2566.8,2567.6
W,8,7,2568.8,2568.8,2568
W,9,7,2567.6,2568,2569.2
W,10,7,2570,2569.6,2568.8
W,11,7,2568,2568,2568
W,12,7,2446.4,2446,2446.4
W,13,7,2446.4,2447.2,2447.2
W,14,7,2446.8,2446.4,2446.8
W,15,7,2447.2,2446.8,2446
W,16,7,2446,2446.8,2447.6
W,17,7,2448.4,2448.4,2448.4
W,18,7,2448,2448.4,2448.8
W,19,7,2449.6,2449.6,2449.6
W,20,7,2448.4,2448,2447.6
W,21,7,2448,2447.6,2447.2
W,22,7,2447.2,2447.2,2446.4
W,23,7,2469.6,2468.8,2468
W,24,7,2467.2,2466.8,2466
W,25,7,2465.2,2465.2,2465.6
W,26,7,2466,2466,2466.4
W,27,7,2466.4,2466.8,2466.8
W,28,7,2467.6,2468.4,2469.2
W,29,7,2469.6,2468.8,2468
W,30,7,2467.2,2467.2,2467.2
W,31,7,2467.2,2467.2,2467.2
W,32,7,2467.2,2467.2,2467.2
W,33,7,2467.2,2467.2,2472.4
W,34,7,2440.4,2440.8,2441.2
W,35,7,2442.4,2442,2441.6
W,36,7,2440.8,2441.6,2442.4
W,37,7,2443.2,2443.6,2444.8
W,38,7,2446,2447.2,2448
W,39,7,2448.8,2449.6,2449.6
W,40,7,2449.6,2453.6,2458
W,41,7,2462.4,2458,2453.6
W,42,7,2449.2,2449.2,2449.2
W,43,7,2450,2451.6,2454
W,44,7,2455.2,2455.6,2455.2
W,45,7,2478.8,2479.2,2479.6
W,46,7,2479.2,2479.6,2480
W,47,7,2480.4,2480,2479.6
W,48,7,2478.8,2478.4,2478
W,49,7,2482.8,2488,2493.2
W,50,7,2489.2,2484.8,2480.4
W,51,7,2480,2479.2,2478.4
W,52,7,2478,2478.4,2478.8
W,53,7,2478.8,2482.4,2486
W,54,7,2490.8,2487.6,2484
W,55,7,2479.2,2478,2477.6
W,56,7,2453.6,2453.6,2453.6
W,57,7,2454.4,2454.4,2454.4
W,58,7,2453.6,2453.6,2453.6
W,59,7,2453.6,2453.2,2452.8
W,60,7,2453.2,2453.6,2453.2
W,61,7,2452.4,2450.8,2449.6
W,62,7,2448.4,2448,2454
W,63,7,2460.4,2466.8,2461.2
W,64,7,2455.2,2449.6,2450.4
W,65,7,2450.8,2450.4,2449.2
W,66,7,2448.4,2447.6,2447.6
W,67,7,2437.2,2437.6,2438
W,68,7,2438.4,2438,2437.6
W,69,7,2437.2,2436.8,2436.4
W,70,7,2435.6,2435.6,2435.2
W,71,7,2435.6,2435.2,2435.2
W,72,7,2434.4,2434.4,2434.8
W,73,7,2436,2437.2,2438
W,74,7,2437.6,2436.4,2434.8
W,75,7,2433.6,2432,2431.2
W,76,7,2431.2,2432,2432.4
W,77,7,2433.2,2434.4,2435.6
W,78,7,2451.6,2454.4,2455.6
W,79,7,2456,2454.8,2453.6
W,80,7,2453.2,2453.2,2452
W,81,7,2450.4,2449.6,2450.4
W,82,7,2450.8,2450.4,2449.6
W,83,7,2449.2,2449.6,2450
W,84,7,2455.2,2459.6,2463.6
W,85,7,2460.4,2463.6,2472
W,86,7,2482.4,2484.4,2479.6
W,87,7,2474.8,2473.2,2473.6
W,88,7,2428,2426.8,2426.4
W,89,7,2425.6,2425.6,2425.2
W,90,7,2425.6,2426,2426.8
W,91,7,2427.2,2427.6,2427.2
W,92,7,2426.8,2427.2,2427.6
W,93,7,2428,2426.8,2426.4
W,94,7,2426,2426.8,2426.8
W,95,7,2428.4,2432,2438
W,96,7,2442.4,2444.8,2445.2
W,97,7,2445.6,2445.2,2444.8
W,98,7,2443.6,2442.4,2441.2
W,99,7,2440.8,2441.2,2441.6
W,100,7,2435.6,2434.8,2433.2
W,101,7,2431.6,2432.4,2434
W,102,7,2435.6,2435.2,2434.4
W,103,7,2433.6,2433.6,2438.8
W,104,7,2444,2448.8,2442.8
W,105,7,2436.8,2432.4,2433.6
W,106,7,2434.8,2433.6,2432.8
W,107,7,2432,2433.2,2434
W,108,7,2434.8,2434.4,2433.2
W,109,7,2432.4,2432.4,2434
W,110,7,2434.4,2433.6,2430.8